﻿word,letterColor,corrAns,congruent,parola,Loop_pratica.thisRepN,Loop_pratica.thisTrialN,Loop_pratica.thisN,Loop_pratica.thisIndex,Controbilanciamento_loop.thisRepN,Controbilanciamento_loop.thisTrialN,Controbilanciamento_loop.thisN,Controbilanciamento_loop.thisIndex,Istruction_loop.thisRepN,Istruction_loop.thisTrialN,Istruction_loop.thisN,Istruction_loop.thisIndex,Loop_eng.thisRepN,Loop_eng.thisTrialN,Loop_eng.thisN,Loop_eng.thisIndex,Pausa_loop.thisRepN,Pausa_loop.thisTrialN,Pausa_loop.thisN,Pausa_loop.thisIndex,Istruzioni_loop.thisRepN,Istruzioni_loop.thisTrialN,Istruzioni_loop.thisN,Istruzioni_loop.thisIndex,Loop_ita.thisRepN,Loop_ita.thisTrialN,Loop_ita.thisN,Loop_ita.thisIndex,txt_istruzioni.started,txt_istruzioni.stopped,txt_eng.started,txt_eng.stopped,kb_eng.keys,kb_eng.corr,kb_eng.rt,kb_eng.started,kb_eng.stopped,txt_feedback.started,txt_feedback.stopped,txt_esperimento.started,txt_esperimento.stopped,txt_isi.started,txt_isi.stopped,txt_pausa.started,txt_pausa.stopped,txt_ita.started,txt_ita.stopped,kb_ita.keys,kb_ita.corr,kb_ita.rt,kb_ita.started,kb_ita.stopped,txt_end.started,txt_end.stopped,participant,ita,eng,pratica,date,expName,psychopyVersion,frameRate,
blue,blue,right,1,blu,0,0,0,4,,,,,,,,,,,,,,,,,,,,,,,,,14.512184599996544,None,18.757440017987392,None,right,1,1.2649136920081219,18.757440017987392,None,20.051664925995283,None,,,,,,,,,,,,,,,,0,1,5,5,2023-04-19_11h19.47.491,stroop,2022.1.4,59.85044116649584,
red,red,left,1,rosso,0,1,1,0,,,,,,,,,,,,,,,,,,,,,,,,,,,20.561812867992558,None,left,1,0.5722889080061577,20.561812867992558,None,21.161757062000106,None,,,,,,,,,,,,,,,,0,1,5,5,2023-04-19_11h19.47.491,stroop,2022.1.4,59.85044116649584,
blue,red,left,0,blu,0,2,2,5,,,,,,,,,,,,,,,,,,,,,,,,,,,21.66172832499433,None,left,1,0.6283822530094767,21.66172832499433,None,22.312828396999976,None,,,,,,,,,,,,,,,,0,1,5,5,2023-04-19_11h19.47.491,stroop,2022.1.4,59.85044116649584,
green,blue,right,0,verde,0,3,3,3,,,,,,,,,,,,,,,,,,,,,,,,,,,22.828499798997655,None,right,1,0.6927456780103967,22.828499798997655,None,23.544996729993727,None,,,,,,,,,,,,,,,,0,1,5,5,2023-04-19_11h19.47.491,stroop,2022.1.4,59.85044116649584,
green,green,down,1,verde,0,4,4,2,,,,,,,,,,,,,,,,,,,,,,,,,,,24.044953938995604,None,down,1,0.5278104839962907,24.044953938995604,None,24.59491932298988,None,,,,,,,,,,,,,,,,0,1,5,5,2023-04-19_11h19.47.491,stroop,2022.1.4,59.85044116649584,
,,,,,,,,,0,0,0,0,0,0,0,0,,,,,,,,,,,,,,,,,28.494785217990284,None,,,,,,,,,,25.09483392898983,None,,,,,,,,,,,,,,0,1,5,5,2023-04-19_11h19.47.491,stroop,2022.1.4,59.85044116649584,
red,green,down,0,rosso,,,,,0,0,0,0,,,,,0,0,0,1,,,,,,,,,,,,,,,30.96431189699797,None,down,1,1.1909112810099032,30.96431189699797,None,,,,,32.177959219989134,None,,,,,,,,,,,,0,1,5,5,2023-04-19_11h19.47.491,stroop,2022.1.4,59.85044116649584,
red,red,left,1,rosso,,,,,0,0,0,0,,,,,0,1,1,0,,,,,,,,,,,,,,,32.67824470199412,None,right,0,0.4673398580198409,32.67824470199412,None,,,,,33.17828180598735,None,,,,,,,,,,,,0,1,5,5,2023-04-19_11h19.47.491,stroop,2022.1.4,59.85044116649584,
green,blue,right,0,verde,,,,,0,0,0,0,,,,,0,2,2,3,,,,,,,,,,,,,,,33.67821978998836,None,right,1,0.6005576150055276,33.67821978998836,None,,,,,34.3114700219885,None,,,,,,,,,,,,0,1,5,5,2023-04-19_11h19.47.491,stroop,2022.1.4,59.85044116649584,
blue,red,left,0,blu,,,,,0,0,0,0,,,,,0,3,3,5,,,,,,,,,,,,,,,34.81156953399477,None,left,1,0.5958200080058305,34.81156953399477,None,,,,,35.42818765799166,None,,,,,,,,,,,,0,1,5,5,2023-04-19_11h19.47.491,stroop,2022.1.4,59.85044116649584,
blue,blue,right,1,blu,,,,,0,0,0,0,,,,,0,4,4,4,,,,,,,,,,,,,,,35.928365798987215,None,right,1,0.67261838100967,35.928365798987215,None,,,,,36.62818501298898,None,,,,,,,,,,,,0,1,5,5,2023-04-19_11h19.47.491,stroop,2022.1.4,59.85044116649584,
green,green,down,1,verde,,,,,0,0,0,0,,,,,0,5,5,2,,,,,,,,,,,,,,,37.12819077199674,None,down,1,0.562510502000805,37.12819077199674,None,,,,,37.71145063798758,None,,,,,,,,,,,,0,1,5,5,2023-04-19_11h19.47.491,stroop,2022.1.4,59.85044116649584,
blue,red,left,0,blu,,,,,0,0,0,0,,,,,1,0,6,5,,,,,,,,,,,,,,,38.2116246339865,None,left,1,0.7035858140006894,38.2116246339865,None,,,,,38.94505874099559,None,,,,,,,,,,,,0,1,5,5,2023-04-19_11h19.47.491,stroop,2022.1.4,59.85044116649584,
blue,blue,right,1,blu,,,,,0,0,0,0,,,,,1,1,7,4,,,,,,,,,,,,,,,39.444844382000156,None,right,1,0.8226364330184879,39.444844382000156,None,,,,,40.29505458798667,None,,,,,,,,,,,,0,1,5,5,2023-04-19_11h19.47.491,stroop,2022.1.4,59.85044116649584,
red,red,left,1,rosso,,,,,0,0,0,0,,,,,1,2,8,0,,,,,,,,,,,,,,,40.79496339999605,None,left,1,1.5649613680143375,40.79496339999605,None,,,,,42.37807227499434,None,,,,,,,,,,,,0,1,5,5,2023-04-19_11h19.47.491,stroop,2022.1.4,59.85044116649584,
green,blue,right,0,verde,,,,,0,0,0,0,,,,,1,3,9,3,,,,,,,,,,,,,,,42.87821474799421,None,right,1,1.2251120700093452,42.87821474799421,None,,,,,44.12810147299024,None,,,,,,,,,,,,0,1,5,5,2023-04-19_11h19.47.491,stroop,2022.1.4,59.85044116649584,
red,green,down,0,rosso,,,,,0,0,0,0,,,,,1,4,10,1,,,,,,,,,,,,,,,44.62792672299838,None,down,1,0.596411820006324,44.62792672299838,None,,,,,45.24507197098865,None,,,,,,,,,,,,0,1,5,5,2023-04-19_11h19.47.491,stroop,2022.1.4,59.85044116649584,
green,green,down,1,verde,,,,,0,0,0,0,,,,,1,5,11,2,,,,,,,,,,,,,,,45.74468544499541,None,down,1,1.1472368710092269,45.74468544499541,None,,,,,46.911555088998284,None,,,,,,,,,,,,0,1,5,5,2023-04-19_11h19.47.491,stroop,2022.1.4,59.85044116649584,
red,red,left,1,rosso,,,,,0,0,0,0,,,,,2,0,12,0,,,,,,,,,,,,,,,47.41135066699644,None,left,1,1.0357319410104537,47.41135066699644,None,,,,,48.47797885698674,None,,,,,,,,,,,,0,1,5,5,2023-04-19_11h19.47.491,stroop,2022.1.4,59.85044116649584,
green,green,down,1,verde,,,,,0,0,0,0,,,,,2,1,13,2,,,,,,,,,,,,,,,48.978116889993544,None,down,1,0.9291857140051434,48.978116889993544,None,,,,,49.92795753698738,None,,,,,,,,,,,,0,1,5,5,2023-04-19_11h19.47.491,stroop,2022.1.4,59.85044116649584,
blue,blue,right,1,blu,,,,,0,0,0,0,,,,,2,2,14,4,,,,,,,,,,,,,,,50.42756988600013,None,right,1,0.39451005900627933,50.42756988600013,None,,,,,50.84472465798899,None,,,,,,,,,,,,0,1,5,5,2023-04-19_11h19.47.491,stroop,2022.1.4,59.85044116649584,
red,green,down,0,rosso,,,,,0,0,0,0,,,,,2,3,15,1,,,,,,,,,,,,,,,51.34577221599466,None,down,1,0.5826038999948651,51.34577221599466,None,,,,,51.96098684098979,None,,,,,,,,,,,,0,1,5,5,2023-04-19_11h19.47.491,stroop,2022.1.4,59.85044116649584,
green,blue,right,0,verde,,,,,0,0,0,0,,,,,2,4,16,3,,,,,,,,,,,,,,,52.461091733988724,None,right,1,0.5393604310083902,52.461091733988724,None,,,,,53.02749172699987,None,,,,,,,,,,,,0,1,5,5,2023-04-19_11h19.47.491,stroop,2022.1.4,59.85044116649584,
blue,red,left,0,blu,,,,,0,0,0,0,,,,,2,5,17,5,,,,,,,,,,,,,,,53.52755473800062,None,left,1,0.7045190780190751,53.52755473800062,None,,,,,54.2620438469894,None,,,,,,,,,,,,0,1,5,5,2023-04-19_11h19.47.491,stroop,2022.1.4,59.85044116649584,
red,green,down,0,rosso,,,,,0,0,0,0,,,,,3,0,18,1,,,,,,,,,,,,,,,54.76082691499323,None,down,1,0.5146473180066096,54.76082691499323,None,,,,,55.29419773099653,None,,,,,,,,,,,,0,1,5,5,2023-04-19_11h19.47.491,stroop,2022.1.4,59.85044116649584,
blue,red,left,0,blu,,,,,0,0,0,0,,,,,3,1,19,5,,,,,,,,,,,,,,,55.79425588999584,None,left,1,0.7265715010144049,55.79425588999584,None,,,,,56.544153625000035,None,,,,,,,,,,,,0,1,5,5,2023-04-19_11h19.47.491,stroop,2022.1.4,59.85044116649584,
green,blue,right,0,verde,,,,,0,0,0,0,,,,,3,2,20,3,,,,,,,,,,,,,,,57.04415101799532,None,right,1,0.7169584920047782,57.04415101799532,None,,,,,57.794152372996905,None,,,,,,,,,,,,0,1,5,5,2023-04-19_11h19.47.491,stroop,2022.1.4,59.85044116649584,
red,red,left,1,rosso,,,,,0,0,0,0,,,,,3,3,21,0,,,,,,,,,,,,,,,58.29419193699141,None,down,0,0.5320083930128021,58.29419193699141,None,,,,,58.844517754987464,None,,,,,,,,,,,,0,1,5,5,2023-04-19_11h19.47.491,stroop,2022.1.4,59.85044116649584,
green,green,down,1,verde,,,,,0,0,0,0,,,,,3,4,22,2,,,,,,,,,,,,,,,59.34427639999194,None,down,1,0.46939289700821973,59.34427639999194,None,,,,,59.84451417499804,None,,,,,,,,,,,,0,1,5,5,2023-04-19_11h19.47.491,stroop,2022.1.4,59.85044116649584,
blue,blue,right,1,blu,,,,,0,0,0,0,,,,,3,5,23,4,,,,,,,,,,,,,,,60.344479594990844,None,right,1,0.6641687539959094,60.344479594990844,None,,,,,61.02739022599417,None,,,,,,,,,,,,0,1,5,5,2023-04-19_11h19.47.491,stroop,2022.1.4,59.85044116649584,
green,green,down,1,verde,,,,,0,0,0,0,,,,,4,0,24,2,,,,,,,,,,,,,,,61.52737762600009,None,down,1,0.44910689801326953,61.52737762600009,None,,,,,61.9940018329944,None,,,,,,,,,,,,0,1,5,5,2023-04-19_11h19.47.491,stroop,2022.1.4,59.85044116649584,
red,red,left,1,rosso,,,,,0,0,0,0,,,,,4,1,25,0,,,,,,,,,,,,,,,62.49455920199398,None,left,1,0.8211494030110771,62.49455920199398,None,,,,,63.34520453099685,None,,,,,,,,,,,,0,1,5,5,2023-04-19_11h19.47.491,stroop,2022.1.4,59.85044116649584,
green,blue,right,0,verde,,,,,0,0,0,0,,,,,4,2,26,3,,,,,,,,,,,,,,,63.84453690999362,None,right,1,0.578084631008096,63.84453690999362,None,,,,,64.44430407098844,None,,,,,,,,,,,,0,1,5,5,2023-04-19_11h19.47.491,stroop,2022.1.4,59.85044116649584,
blue,blue,right,1,blu,,,,,0,0,0,0,,,,,4,3,27,4,,,,,,,,,,,,,,,64.94440452499839,None,right,1,0.5184731530025601,64.94440452499839,None,,,,,65.49457368798903,None,,,,,,,,,,,,0,1,5,5,2023-04-19_11h19.47.491,stroop,2022.1.4,59.85044116649584,
red,green,down,0,rosso,,,,,0,0,0,0,,,,,4,4,28,1,,,,,,,,,,,,,,,65.9943822419882,None,down,1,0.8799662920064293,65.9943822419882,None,,,,,66.89453493998735,None,,,,,,,,,,,,0,1,5,5,2023-04-19_11h19.47.491,stroop,2022.1.4,59.85044116649584,
blue,red,left,0,blu,,,,,0,0,0,0,,,,,4,5,29,5,,,,,,,,,,,,,,,67.39453819098708,None,left,1,0.6457338990148855,67.39453819098708,None,,,,,68.06100063999475,None,,,,,,,,,,,,0,1,5,5,2023-04-19_11h19.47.491,stroop,2022.1.4,59.85044116649584,
,,,,,,,,,0,0,0,0,,,,,,,,,0,0,0,0,,,,,,,,,,,,,,,,,,,,,,,,68.56109159399057,None,,,,,,,,,,0,1,5,5,2023-04-19_11h19.47.491,stroop,2022.1.4,59.85044116649584,
,,,,,,,,,0,0,0,0,,,,,,,,,,,,,,,,,,,,,,,,,,,,,,,,,,,,,,,,,,,,,,,0,1,5,5,2023-04-19_11h19.47.491,stroop,2022.1.4,59.85044116649584,
,,,,,,,,,1,0,1,0,,,,,,,,,,,,,0,0,0,0,,,,,70.56927993398858,None,,,,,,,,,,,,,,,,,,,,,,,,,0,1,5,5,2023-04-19_11h19.47.491,stroop,2022.1.4,59.85044116649584,
red,green,down,0,rosso,,,,,1,0,1,0,,,,,,,,,,,,,,,,,0,0,0,1,,,,,,,,,,,,,,74.64432765399397,None,,,73.68261397098831,None,down,1,0.9444463580148295,73.68261397098831,None,,,0,1,5,5,2023-04-19_11h19.47.491,stroop,2022.1.4,59.85044116649584,
blue,blue,right,1,blu,,,,,1,0,1,0,,,,,,,,,,,,,,,,,0,1,1,4,,,,,,,,,,,,,,76.36112104699714,None,,,75.14425599599781,None,right,1,1.1874517830001423,75.14425599599781,None,,,0,1,5,5,2023-04-19_11h19.47.491,stroop,2022.1.4,59.85044116649584,
red,red,left,1,rosso,,,,,1,0,1,0,,,,,,,,,,,,,,,,,0,2,2,0,,,,,,,,,,,,,,78.09438773700094,None,,,76.86105699399195,None,left,1,1.2059184970130445,76.86105699399195,None,,,0,1,5,5,2023-04-19_11h19.47.491,stroop,2022.1.4,59.85044116649584,
green,green,down,1,verde,,,,,1,0,1,0,,,,,,,,,,,,,,,,,0,3,3,2,,,,,,,,,,,,,,80.81084010399354,None,,,78.5941896889999,None,down,1,2.1995377530111,78.5941896889999,None,,,0,1,5,5,2023-04-19_11h19.47.491,stroop,2022.1.4,59.85044116649584,
green,blue,right,0,verde,,,,,1,0,1,0,,,,,,,,,,,,,,,,,0,4,4,3,,,,,,,,,,,,,,81.9778278649901,None,,,81.31082771799993,None,right,1,0.6340452139993431,81.31082771799993,None,,,0,1,5,5,2023-04-19_11h19.47.491,stroop,2022.1.4,59.85044116649584,
blue,red,left,0,blu,,,,,1,0,1,0,,,,,,,,,,,,,,,,,0,5,5,5,,,,,,,,,,,,,,83.87736229399161,None,,,82.47744096799579,None,left,1,1.3700831580063095,82.47744096799579,None,,,0,1,5,5,2023-04-19_11h19.47.491,stroop,2022.1.4,59.85044116649584,
blue,blue,right,1,blu,,,,,1,0,1,0,,,,,,,,,,,,,,,,,1,0,6,4,,,,,,,,,,,,,,85.26223314199888,None,,,84.3775677579979,None,right,1,0.8565005760028725,84.3775677579979,None,,,0,1,5,5,2023-04-19_11h19.47.491,stroop,2022.1.4,59.85044116649584,
red,red,left,1,rosso,,,,,1,0,1,0,,,,,,,,,,,,,,,,,1,1,7,0,,,,,,,,,,,,,,86.6942728189897,None,,,85.7776357519906,None,left,1,0.8958080099982908,85.7776357519906,None,,,0,1,5,5,2023-04-19_11h19.47.491,stroop,2022.1.4,59.85044116649584,
red,green,down,0,rosso,,,,,1,0,1,0,,,,,,,,,,,,,,,,,1,2,8,1,,,,,,,,,,,,,,87.77773973799776,None,,,87.19382433699502,None,down,1,0.5597591730038403,87.19382433699502,None,,,0,1,5,5,2023-04-19_11h19.47.491,stroop,2022.1.4,59.85044116649584,
green,blue,right,0,verde,,,,,1,0,1,0,,,,,,,,,,,,,,,,,1,3,9,3,,,,,,,,,,,,,,89.17723747799755,None,,,88.27747764799278,None,right,1,0.8831682720046956,88.27747764799278,None,,,0,1,5,5,2023-04-19_11h19.47.491,stroop,2022.1.4,59.85044116649584,
blue,red,left,0,blu,,,,,1,0,1,0,,,,,,,,,,,,,,,,,1,4,10,5,,,,,,,,,,,,,,90.7771432820009,None,,,89.67741523399309,None,left,1,1.0694638430140913,89.67741523399309,None,,,0,1,5,5,2023-04-19_11h19.47.491,stroop,2022.1.4,59.85044116649584,
green,green,down,1,verde,,,,,1,0,1,0,,,,,,,,,,,,,,,,,1,5,11,2,,,,,,,,,,,,,,92.027125676992,None,,,91.27718522898795,None,down,1,0.7186331920092925,91.27718522898795,None,,,0,1,5,5,2023-04-19_11h19.47.491,stroop,2022.1.4,59.85044116649584,
blue,red,left,0,blu,,,,,1,0,1,0,,,,,,,,,,,,,,,,,2,0,12,5,,,,,,,,,,,,,,93.94398046498827,None,,,92.52755925199017,None,left,1,1.3868432800081791,92.52755925199017,None,,,0,1,5,5,2023-04-19_11h19.47.491,stroop,2022.1.4,59.85044116649584,
red,red,left,1,rosso,,,,,1,0,1,0,,,,,,,,,,,,,,,,,2,1,13,0,,,,,,,,,,,,,,95.06068701799086,None,,,94.44390551299148,None,left,1,0.590855767019093,94.44390551299148,None,,,0,1,5,5,2023-04-19_11h19.47.491,stroop,2022.1.4,59.85044116649584,
red,green,down,0,rosso,,,,,1,0,1,0,,,,,,,,,,,,,,,,,2,2,14,1,,,,,,,,,,,,,,96.22746740099683,None,,,95.5608178669936,None,down,1,0.6462094519956736,95.5608178669936,None,,,0,1,5,5,2023-04-19_11h19.47.491,stroop,2022.1.4,59.85044116649584,
green,green,down,1,verde,,,,,1,0,1,0,,,,,,,,,,,,,,,,,2,3,15,2,,,,,,,,,,,,,,97.34526962100063,None,,,96.72730211299495,None,down,1,0.5971921380114509,96.72730211299495,None,,,0,1,5,5,2023-04-19_11h19.47.491,stroop,2022.1.4,59.85044116649584,
blue,blue,right,1,blu,,,,,1,0,1,0,,,,,,,,,,,,,,,,,2,4,16,4,,,,,,,,,,,,,,98.29412464398774,None,,,97.86063321899564,None,right,1,0.4109506590029923,97.86063321899564,None,,,0,1,5,5,2023-04-19_11h19.47.491,stroop,2022.1.4,59.85044116649584,
green,blue,right,0,verde,,,,,1,0,1,0,,,,,,,,,,,,,,,,,2,5,17,3,,,,,,,,,,,,,,99.34431140498782,None,,,98.79403338499833,None,right,1,0.526923509009066,98.79403338499833,None,,,0,1,5,5,2023-04-19_11h19.47.491,stroop,2022.1.4,59.85044116649584,
green,green,down,1,verde,,,,,1,0,1,0,,,,,,,,,,,,,,,,,3,0,18,2,,,,,,,,,,,,,,100.56041156599531,None,,,99.84425437799655,None,left,0,0.6856231980054872,99.84425437799655,None,,,0,1,5,5,2023-04-19_11h19.47.491,stroop,2022.1.4,59.85044116649584,
blue,red,left,0,blu,,,,,1,0,1,0,,,,,,,,,,,,,,,,,3,1,19,5,,,,,,,,,,,,,,101.64387891598744,None,,,101.06068035798671,None,left,1,0.5651531500043347,101.06068035798671,None,,,0,1,5,5,2023-04-19_11h19.47.491,stroop,2022.1.4,59.85044116649584,
red,green,down,0,rosso,,,,,1,0,1,0,,,,,,,,,,,,,,,,,3,2,20,1,,,,,,,,,,,,,,102.62746031698771,None,,,102.14402483199956,None,down,1,0.46446496799762826,102.14402483199956,None,,,0,1,5,5,2023-04-19_11h19.47.491,stroop,2022.1.4,59.85044116649584,
red,red,left,1,rosso,,,,,1,0,1,0,,,,,,,,,,,,,,,,,3,3,21,0,,,,,,,,,,,,,,103.89394436198927,None,,,103.12752318999264,None,left,1,0.736602599004982,103.12752318999264,None,,,0,1,5,5,2023-04-19_11h19.47.491,stroop,2022.1.4,59.85044116649584,
blue,blue,right,1,blu,,,,,1,0,1,0,,,,,,,,,,,,,,,,,3,4,22,4,,,,,,,,,,,,,,104.9939101189957,None,,,104.39392789099657,None,right,1,0.5690474360017106,104.39392789099657,None,,,0,1,5,5,2023-04-19_11h19.47.491,stroop,2022.1.4,59.85044116649584,
green,blue,right,0,verde,,,,,1,0,1,0,,,,,,,,,,,,,,,,,3,5,23,3,,,,,,,,,,,,,,107.07740069300053,None,,,105.49386090500047,None,right,1,1.566467968004872,105.49386090500047,None,,,0,1,5,5,2023-04-19_11h19.47.491,stroop,2022.1.4,59.85044116649584,
blue,red,left,0,blu,,,,,1,0,1,0,,,,,,,,,,,,,,,,,4,0,24,5,,,,,,,,,,,,,,108.21066069298831,None,,,107.5774114389933,None,left,1,0.6166132070065942,107.5774114389933,None,,,0,1,5,5,2023-04-19_11h19.47.491,stroop,2022.1.4,59.85044116649584,
green,green,down,1,verde,,,,,1,0,1,0,,,,,,,,,,,,,,,,,4,1,25,2,,,,,,,,,,,,,,109.79384531598771,None,,,108.7104769639991,None,down,1,1.0532179060101043,108.7104769639991,None,,,0,1,5,5,2023-04-19_11h19.47.491,stroop,2022.1.4,59.85044116649584,
red,green,down,0,rosso,,,,,1,0,1,0,,,,,,,,,,,,,,,,,4,2,26,1,,,,,,,,,,,,,,110.71050155400007,None,,,110.29382608599553,None,down,1,0.39852120900468435,110.29382608599553,None,,,0,1,5,5,2023-04-19_11h19.47.491,stroop,2022.1.4,59.85044116649584,
red,red,left,1,rosso,,,,,1,0,1,0,,,,,,,,,,,,,,,,,4,3,27,0,,,,,,,,,,,,,,111.91070306499023,None,,,111.21066437699483,None,left,1,0.6709156349970726,111.21066437699483,None,,,0,1,5,5,2023-04-19_11h19.47.491,stroop,2022.1.4,59.85044116649584,
green,blue,right,0,verde,,,,,1,0,1,0,,,,,,,,,,,,,,,,,4,4,28,3,,,,,,,,,,,,,,112.89397821499733,None,,,112.41068609699141,None,right,1,0.45457238200469874,112.41068609699141,None,,,0,1,5,5,2023-04-19_11h19.47.491,stroop,2022.1.4,59.85044116649584,
blue,blue,right,1,blu,,,,,1,0,1,0,,,,,,,,,,,,,,,,,4,5,29,4,,,,,,,,,,,,,,113.89362246399105,None,,,113.39369389000058,None,right,1,0.47938073599652853,113.39369389000058,None,,,0,1,5,5,2023-04-19_11h19.47.491,stroop,2022.1.4,59.85044116649584,
,,,,,,,,,1,0,1,0,,,,,,,,,,,,,,,,,,,,,,,,,,,,,,,,,,,,,,,,,,,,,,,0,1,5,5,2023-04-19_11h19.47.491,stroop,2022.1.4,59.85044116649584,
,,,,,,,,,,,,,,,,,,,,,,,,,,,,,,,,,,,,,,,,,,,,,,,,,,,,,,,,,114.39372876098787,None,,,,,,,,,
