﻿Loop_password.thisRepN,Loop_password.thisTrialN,Loop_password.thisN,Loop_password.thisIndex,Loop_pw_button.thisRepN,Loop_pw_button.thisTrialN,Loop_pw_button.thisN,Loop_pw_button.thisIndex,text.started,text.stopped,txt_password.started,txt_password.stopped,textbox_password.text,textbox_password.started,textbox_password.stopped,textbox_button.text,textbox_button.started,textbox_button.stopped,button.started,button.stopped,button.numClicks,button.timesOn,button.timesOff,mouse_button.x,mouse_button.y,mouse_button.leftButton,mouse_button.midButton,mouse_button.rightButton,mouse_button.clicked_name,mouse_button.started,mouse_button.stopped,participant,session,date,expName,psychopyVersion,frameRate,
,,,,0,0,0,0,14.358866563998163,None,12.33476736699231,None,thomas,12.33476736699231,None,th,15.366194314003224,None,15.366194314003224,None,1,[3.5630222039762884],[3.563027233001776],-0.0019047619,-0.21904762,1,0,0,button,0.011969578510615975,None,1,001,2023-04-20_21h33.21.154,untitled,2022.1.4,60.370456664950744,
,,,,1,0,1,0,,,,,,,,thop,18.928952699003275,None,18.928952699003275,None,2,"[3.5630222039762884, 23.34214813300059]","[0.07539958800771274, 23.342154023004696]",0.0019047619,-0.23619048,1,0,0,button,0.007643245509825647,None,1,001,2023-04-20_21h33.21.154,untitled,2022.1.4,60.370456664950744,
,,,,2,0,2,0,,,,,,,,,42.27832812600536,None,42.27832812600536,None,3,"[3.5630222039762884, 23.34214813300059, 3.1762826920021325]","[0.07539958800771274, 0.07642768498044461, 3.176288451999426]",-0.0057142857,-0.26285714,1,0,0,button,0.008528405480319634,None,1,001,2023-04-20_21h33.21.154,untitled,2022.1.4,60.370456664950744,
,,,,3,0,3,0,,,,,,,,thomas,45.46098565499415,None,45.46098565499415,None,4,"[3.5630222039762884, 23.34214813300059, 3.1762826920021325, 9.659790472011082]","[0.07539958800771274, 0.07642768498044461, 0.10981195501517504, 9.659796832012944]",0.0057142857,-0.24,1,0,0,button,0.008403656480368227,None,1,001,2023-04-20_21h33.21.154,untitled,2022.1.4,60.370456664950744,
,,,,,,,,55.12431909001316,None,,,,,,,,,,,,,,,,,,,,,,,,,,,,
