﻿word,parola,letterColor,corrAns,congruent,thisN,thisTrialN,thisRepN,trial_ita_kb.keys,trial_ita_kb.corr,trial_ita_kb.rt,trial_ita_kb.duration,Loop_eng.thisRepN,Loop_eng.thisTrialN,Loop_eng.thisN,Loop_eng.thisIndex,Loop_ita.thisRepN,Loop_ita.thisTrialN,Loop_ita.thisN,Loop_ita.thisIndex,thisRow.t,notes,SETTING.started,scelta_eng_img.started,scelta_ita_img.started,scelta_ms.started,SETTING.stopped,scelta_ms.x,scelta_ms.y,scelta_ms.leftButton,scelta_ms.midButton,scelta_ms.rightButton,scelta_ms.time,scelta_ms.clicked_name,ISTR.started,istr_eng_txt.started,istr_kb.started,ISTR.stopped,TRIAL_ITA.started,trial_ita_txt.started,trial_ita_kb.started,TRIAL_ITA.stopped,Loop_ita.trial_ita_kb.keys,Loop_ita.trial_ita_kb.corr,Loop_ita.trial_ita_kb.rt,Loop_ita.trial_ita_kb.duration,THANKS.started,thanks_txt.started,thanks_kb.started,gender (m/f),age,participant,date,expName,expVersion,psychopyVersion,frameRate,expStart,
,,,,,,,,,,,,,,,,,,,,,,0.0071825839986559,0.010654209007043391,0.010654209007043391,0.0071915419975994155,0.6459760419966187,[np.float64(0.37)],[np.float64(-0.05)],[1],[0],[0],[0.6386938749928959],['scelta_ita_img'],,,,,,,,,,,,,,,,f,,pilot,2025-10-30_10h39.32.890,stroop,,2025.1.1,None,2025-10-30 10h39.37.050206 +0100,
,,,,,,,,,,,,,,,,,,,,,,,,,,,,,,,,,,0.6707135000033304,0.6727995840046788,0.6727995840046788,3.25727545900736,,,,,,,,,,,,f,,pilot,2025-10-30_10h39.32.890,stroop,,2025.1.1,None,2025-10-30 10h39.37.050206 +0100,
green,verde,blue,right,0,0,0,0,down,0,0.46353224900667556,None,,,,,0,0,0,3,3.2692330419959035,,,,,,,,,,,,,,,,,,3.262681749998592,3.752379708996159,3.752379708996159,4.218904209003085,down,0,0.46353224900667556,None,,,,f,,pilot,2025-10-30_10h39.32.890,stroop,,2025.1.1,None,2025-10-30 10h39.37.050206 +0100,
green,verde,green,down,1,1,1,0,down,1,0.03719891599030234,None,,,,,0,1,1,2,4.229147209000075,,,,,,,,,,,,,,,,,,4.219184625006164,4.7177070420002565,4.7177070420002565,4.765099291995284,down,1,0.03719891599030234,None,,,,f,,pilot,2025-10-30_10h39.32.890,stroop,,2025.1.1,None,2025-10-30 10h39.37.050206 +0100,
blue,blu,red,left,0,2,2,0,down,0,0.03679158299928531,None,,,,,0,2,2,5,4.772347624995746,,,,,,,,,,,,,,,,,,4.765373667003587,5.264079291999224,5.264079291999224,5.303074416995514,down,0,0.03679158299928531,None,,,,f,,pilot,2025-10-30_10h39.32.890,stroop,,2025.1.1,None,2025-10-30 10h39.37.050206 +0100,
blue,blu,blue,right,1,3,3,0,down,0,0.07266933299251832,None,,,,,0,3,3,4,5.313966875008191,,,,,,,,,,,,,,,,,,5.303292917000363,5.798192667003605,5.798192667003605,5.883409083995502,down,0,0.07266933299251832,None,,,,f,,pilot,2025-10-30_10h39.32.890,stroop,,2025.1.1,None,2025-10-30 10h39.37.050206 +0100,
red,rosso,red,left,1,4,4,0,down,0,0.08965120800712612,None,,,,,0,4,4,0,5.885931416996755,,,,,,,,,,,,,,,,,,5.883654375007609,6.382233166994411,6.382233166994411,6.484303999997792,down,0,0.08965120800712612,None,,,,f,,pilot,2025-10-30_10h39.32.890,stroop,,2025.1.1,None,2025-10-30 10h39.37.050206 +0100,
red,rosso,green,down,0,5,5,0,down,1,0.06723137499648146,None,,,,,0,5,5,1,6.486332291999133,,,,,,,,,,,,,,,,,,6.484551041998202,6.970623458997579,6.970623458997579,7.039289749998716,down,1,0.06723137499648146,None,,,,f,,pilot,2025-10-30_10h39.32.890,stroop,,2025.1.1,None,2025-10-30 10h39.37.050206 +0100,
,,,,,,,,,,,,,,,,,,,,,,,,,,,,,,,,,,,,,,,,,,,,,,7.0744563750049565,7.076093916999525,7.076093916999525,,,,,,,,,,
