﻿word,parola,letterColor,corrAns,congruent,thisN,thisTrialN,thisRepN,trial_ita_kb.keys,trial_ita_kb.corr,trial_ita_kb.rt,trial_ita_kb.duration,Loop_eng.thisRepN,Loop_eng.thisTrialN,Loop_eng.thisN,Loop_eng.thisIndex,Loop_ita.thisRepN,Loop_ita.thisTrialN,Loop_ita.thisN,Loop_ita.thisIndex,thisRow.t,notes,SETTING.started,scelta_eng_img.started,scelta_ita_img.started,scelta_ms.started,SETTING.stopped,scelta_ms.x,scelta_ms.y,scelta_ms.leftButton,scelta_ms.midButton,scelta_ms.rightButton,scelta_ms.time,scelta_ms.clicked_name,ISTR.started,istr_eng_txt.started,istr_kb.started,ISTR.stopped,TRIAL_ITA.started,trial_ita_txt.started,trial_ita_kb.started,TRIAL_ITA.stopped,Loop_ita.trial_ita_kb.keys,Loop_ita.trial_ita_kb.corr,Loop_ita.trial_ita_kb.rt,Loop_ita.trial_ita_kb.duration,THANKS.started,thanks_txt.started,thanks_kb.started,gender (m/f),age,participant,date,expName,expVersion,psychopyVersion,frameRate,expStart,
,,,,,,,,,,,,,,,,,,,,,,0.006492250002338551,0.011042792000807822,0.011042792000807822,0.006502582997200079,13.037999916996341,[np.float64(0.3475)],[np.float64(-0.05333333333333334)],[1],[0],[0],[13.031381124994368],['scelta_ita_img'],,,,,,,,,,,,,,,,f,,pilot,2025-10-30_10h35.26.060,stroop,,2025.1.1,None,2025-10-30 10h35.39.235333 +0100,
,,,,,,,,,,,,,,,,,,,,,,,,,,,,,,,,,,13.067285791999893,13.070423541998025,13.070423541998025,19.967317834001733,,,,,,,,,,,,f,,pilot,2025-10-30_10h35.26.060,stroop,,2025.1.1,None,2025-10-30 10h35.39.235333 +0100,
blue,blu,blue,right,1,0,0,0,down,0,0.889981500004069,None,,,,,0,0,0,4,19.980316875007702,,,,,,,,,,,,,,,,,,19.972677875004592,20.462496916996315,20.462496916996315,21.358676208998077,down,0,0.889981500004069,None,,,,f,,pilot,2025-10-30_10h35.26.060,stroop,,2025.1.1,None,2025-10-30 10h35.39.235333 +0100,
green,verde,green,down,1,1,1,0,down,1,0.23078795800392982,None,,,,,0,1,1,2,21.39215712499572,,,,,,,,,,,,,,,,,,21.35906516700925,21.856720249998034,21.856720249998034,22.09195133400499,down,1,0.23078795800392982,None,,,,f,,pilot,2025-10-30_10h35.26.060,stroop,,2025.1.1,None,2025-10-30 10h35.39.235333 +0100,
blue,blu,red,left,0,2,2,0,down,0,0.15622933200211264,None,,,,,0,2,2,5,22.102436458997545,,,,,,,,,,,,,,,,,,22.092329250008333,22.58421983399603,22.58421983399603,22.744960875003017,down,0,0.15622933200211264,None,,,,f,,pilot,2025-10-30_10h35.26.060,stroop,,2025.1.1,None,2025-10-30 10h35.39.235333 +0100,
red,rosso,red,left,1,3,3,0,down,0,0.04883270799473394,None,,,,,0,3,3,0,22.750740999996196,,,,,,,,,,,,,,,,,,22.74527912499616,23.2506280420057,23.2506280420057,23.304042750009103,down,0,0.04883270799473394,None,,,,f,,pilot,2025-10-30_10h35.26.060,stroop,,2025.1.1,None,2025-10-30 10h35.39.235333 +0100,
red,rosso,green,down,0,4,4,0,down,1,0.02553737399284728,None,,,,,0,4,4,1,23.308741166998516,,,,,,,,,,,,,,,,,,23.304400834007538,23.805915083998116,23.805915083998116,23.83335287500813,down,1,0.02553737399284728,None,,,,f,,pilot,2025-10-30_10h35.26.060,stroop,,2025.1.1,None,2025-10-30 10h35.39.235333 +0100,
green,verde,blue,right,0,5,5,0,down,0,0.06326145799539518,None,,,,,0,5,5,3,23.83626366700628,,,,,,,,,,,,,,,,,,23.833674709007028,24.325158417006605,24.325158417006605,24.391208041997743,down,0,0.06326145799539518,None,,,,f,,pilot,2025-10-30_10h35.26.060,stroop,,2025.1.1,None,2025-10-30 10h35.39.235333 +0100,
,,,,,,,,,,,,,,,,,,,,,,,,,,,,,,,,,,,,,,,,,,,,,,24.427174084004946,24.430458000002545,24.430458000002545,,,,,,,,,,
