﻿Loop_eng.thisRepN,Loop_eng.thisTrialN,Loop_eng.thisN,Loop_eng.thisIndex,Loop_ita.thisRepN,Loop_ita.thisTrialN,Loop_ita.thisN,Loop_ita.thisIndex,thisRow.t,notes,SETTING.started,SETTING.stopped,ISTR_ENG.started,istr_eng_kb.started,istr_eng_txt.started,ISTR_ENG.stopped,PAUSA.started,pausa_txt.started,pausa_kb.started,PAUSA.stopped,pausa_kb.keys,pausa_kb.rt,pausa_kb.duration,INST_ITA.started,istr_ita_kb.started,istr_ita_txt.started,INST_ITA.stopped,THANKS.started,thanks_txt.started,thanks_kb.started,THANKS.stopped,thanks_kb.keys,thanks_kb.rt,thanks_kb.duration,gender (m/f),age,participant,loop,date,expName,expVersion,psychopyVersion,frameRate,expStart,
,,,,,,,,,,0.005850458001077641,0.00589395800489001,,,,,,,,,,,,,,,,,,,,,,,f,,pilot,0,2025-10-28_12h23.29.353,stroop,,2025.1.1,None,2025-10-28 12h24.17.107644 +0100,
,,,,,,,,,,,,0.005904541001655161,0.008865208001225255,0.008865208001225255,1.1288333750053425,,,,,,,,,,,,,,,,,,,f,,pilot,0,2025-10-28_12h23.29.353,stroop,,2025.1.1,None,2025-10-28 12h24.17.107644 +0100,
,,,,,,,,,,,,,,,,1.1320675829992979,1.1360090000016498,1.1360090000016498,2.487251708000258,space,1.3494352909983718,None,,,,,,,,,,,,f,,pilot,0,2025-10-28_12h23.29.353,stroop,,2025.1.1,None,2025-10-28 12h24.17.107644 +0100,
,,,,,,,,,,,,,,,,,,,,,,,2.4872907500030124,2.488848166001844,2.488848166001844,3.0043782080028905,,,,,,,,f,,pilot,0,2025-10-28_12h23.29.353,stroop,,2025.1.1,None,2025-10-28 12h24.17.107644 +0100,
,,,,,,,,,,,,,,,,,,,,,,,,,,,3.009205333000864,3.011895291005203,3.011895291005203,6.510011666003265,q,3.4964719580020756,None,f,,pilot,0,2025-10-28_12h23.29.353,stroop,,2025.1.1,None,2025-10-28 12h24.17.107644 +0100,
