﻿word,parola,letterColor,corrAns,congruent,thisN,thisTrialN,thisRepN,trial_eng_kb.keys,trial_eng_kb.corr,trial_eng_kb.rt,trial_eng_kb.duration,Loop_eng.thisRepN,Loop_eng.thisTrialN,Loop_eng.thisN,Loop_eng.thisIndex,Loop_ita.thisRepN,Loop_ita.thisTrialN,Loop_ita.thisN,Loop_ita.thisIndex,thisRow.t,notes,SETTING.started,scelta_eng_img.started,scelta_ita_img.started,scelta_ms.started,SETTING.stopped,scelta_ms.x,scelta_ms.y,scelta_ms.leftButton,scelta_ms.midButton,scelta_ms.rightButton,scelta_ms.time,scelta_ms.clicked_name,ISTR.started,istr_eng_txt.started,istr_kb.started,ISTR.stopped,TRIAL_ENG.started,trial_eng_txt.started,trial_eng_kb.started,TRIAL_ENG.stopped,Loop_eng.trial_eng_kb.keys,Loop_eng.trial_eng_kb.corr,Loop_eng.trial_eng_kb.rt,Loop_eng.trial_eng_kb.duration,THANKS.started,thanks_txt.started,thanks_kb.started,gender (m/f),age,participant,date,expName,expVersion,psychopyVersion,frameRate,expStart,
,,,,,,,,,,,,,,,,,,,,,,0.007194042002083734,0.025150542001938447,0.025150542001938447,0.007208415991044603,6.002820083987899,"[np.float64(0.055), np.float64(0.6), np.float64(-0.885), np.float64(-0.4475)]","[np.float64(0.13333333333333333), np.float64(0.7033333333333334), np.float64(0.66), np.float64(0.01)]","[1, 1, 1, 1]","[0, 0, 0, 0]","[0, 0, 0, 0]","[2.1548225419974187, 2.7890243330039084, 3.4896927920053713, 5.995509750006022]","[None, None, None, 'scelta_eng_img']",,,,,,,,,,,,,,,,f,,pilot,2025-10-30_10h37.53.208,stroop,,2025.1.1,None,2025-10-30 10h38.59.665598 +0100,
,,,,,,,,,,,,,,,,,,,,,,,,,,,,,,,,,,6.03487162500096,6.037565958991763,6.037565958991763,9.407956208990072,,,,,,,,,,,,f,,pilot,2025-10-30_10h37.53.208,stroop,,2025.1.1,None,2025-10-30 10h38.59.665598 +0100,
red,rosso,red,left,1,0,0,0,right,0,0.6149740410037339,None,0,0,0,0,,,,,9.419328749994747,,,,,,,,,,,,,,,,,,9.411554583988618,9.908421791988076,9.908421791988076,10.536154000001261,right,0,0.6149740410037339,None,,,,f,,pilot,2025-10-30_10h37.53.208,stroop,,2025.1.1,None,2025-10-30 10h38.59.665598 +0100,
blue,blu,blue,right,1,1,1,0,right,1,0.0798907069984125,None,0,1,1,4,,,,,10.573504959000275,,,,,,,,,,,,,,,,,,10.536448041995754,11.034465624994482,11.034465624994482,11.120199666998815,right,1,0.0798907069984125,None,,,,f,,pilot,2025-10-30_10h37.53.208,stroop,,2025.1.1,None,2025-10-30 10h38.59.665598 +0100,
green,verde,green,down,1,2,2,0,right,0,0.44474324899783824,None,0,2,2,2,,,,,11.122745959000895,,,,,,,,,,,,,,,,,,11.12050749998889,11.618604249990312,11.618604249990312,12.071698542000377,right,0,0.44474324899783824,None,,,,f,,pilot,2025-10-30_10h37.53.208,stroop,,2025.1.1,None,2025-10-30 10h38.59.665598 +0100,
green,verde,blue,right,0,3,3,0,right,1,0.15243016599561088,None,0,3,3,3,,,,,12.075000333992648,,,,,,,,,,,,,,,,,,12.071998916988377,12.569921124988468,12.569921124988468,12.727463916991837,right,1,0.15243016599561088,None,,,,f,,pilot,2025-10-30_10h37.53.208,stroop,,2025.1.1,None,2025-10-30 10h38.59.665598 +0100,
blue,blu,red,left,0,4,4,0,right,0,0.016122832006658427,None,0,4,4,5,,,,,12.737145666993456,,,,,,,,,,,,,,,,,,12.727754291991005,13.221199624997098,13.221199624997098,13.24012849999417,right,0,0.016122832006658427,None,,,,f,,pilot,2025-10-30_10h37.53.208,stroop,,2025.1.1,None,2025-10-30 10h38.59.665598 +0100,
red,rosso,green,down,0,5,5,0,right,0,0.11542387399822474,None,0,5,5,1,,,,,13.24302016699221,,,,,,,,,,,,,,,,,,13.240380374991219,13.738977916989825,13.738977916989825,13.857563458994264,right,0,0.11542387399822474,None,,,,f,,pilot,2025-10-30_10h37.53.208,stroop,,2025.1.1,None,2025-10-30 10h38.59.665598 +0100,
,,,,,,,,,,,,,,,,,,,,,,,,,,,,,,,,,,,,,,,,,,,,,,13.896503416995984,13.898631541989744,13.898631541989744,,,,,,,,,,
