﻿word,letterColor,corrAns,congruent,parola,Loop_pratica.thisRepN,Loop_pratica.thisTrialN,Loop_pratica.thisN,Loop_pratica.thisIndex,Loop_eng.thisRepN,Loop_eng.thisTrialN,Loop_eng.thisN,Loop_eng.thisIndex,Loop_ita.thisRepN,Loop_ita.thisTrialN,Loop_ita.thisN,Loop_ita.thisIndex,txt_instruction.started,txt_instruction.stopped,txt_pausa.started,txt_pausa.stopped,txt_istruzioni.started,txt_istruzioni.stopped,txt_ita.started,txt_ita.stopped,kb_ita.keys,kb_ita.corr,kb_ita.rt,kb_ita.started,kb_ita.stopped,txt_isi.started,txt_isi.stopped,txt_end.started,txt_end.stopped,gender (m/f),participant,ita,eng,pratica,date,expName,psychopyVersion,frameRate,
blue,red,left,0,blu,,,,,,,,,0,0,0,5,11.439994179003406,None,17.05464954600029,None,18.553418755996972,None,19.045710514998063,None,left,1,3.542290621000575,19.045710514998063,None,22.63916913900175,None,,,f,0,1,0,0,2023-04-18_12h52.02.329,stroop,2022.1.4,60.018023296355665,
green,blue,right,0,verde,,,,,,,,,0,1,1,3,,,,,,,23.13645156599523,None,right,1,1.1700285720144166,23.13645156599523,None,24.336980426000082,None,,,f,0,1,0,0,2023-04-18_12h52.02.329,stroop,2022.1.4,60.018023296355665,
red,green,down,0,rosso,,,,,,,,,0,2,2,1,,,,,,,24.837712231004843,None,down,1,0.7620771130023059,24.837712231004843,None,25.620293511994532,None,,,f,0,1,0,0,2023-04-18_12h52.02.329,stroop,2022.1.4,60.018023296355665,
green,green,down,1,verde,,,,,,,,,0,3,3,2,,,,,,,26.120219611999346,None,down,1,0.6702129680052167,26.120219611999346,None,26.82147533999523,None,,,f,0,1,0,0,2023-04-18_12h52.02.329,stroop,2022.1.4,60.018023296355665,
red,red,left,1,rosso,,,,,,,,,0,4,4,0,,,,,,,27.33683252100309,None,left,1,0.564668924009311,27.33683252100309,None,27.920360677002463,None,,,f,0,1,0,0,2023-04-18_12h52.02.329,stroop,2022.1.4,60.018023296355665,
blue,blue,right,1,blu,,,,,,,,,0,5,5,4,,,,,,,28.41990709899983,None,down,0,1.8955218740156852,28.41990709899983,None,30.33674212799815,None,,,f,0,1,0,0,2023-04-18_12h52.02.329,stroop,2022.1.4,60.018023296355665,
,,,,,,,,,,,,,,,,,,,,,,,,,,,,,,,,30.83704290499736,None,,,,,,,,,,
