﻿word,letterColor,corrAns,congruent,parola,Loop_pratica.thisRepN,Loop_pratica.thisTrialN,Loop_pratica.thisN,Loop_pratica.thisIndex,txt_eng.started,txt_eng.stopped,kb_eng.keys,kb_eng.corr,kb_eng.rt,kb_eng.started,kb_eng.stopped,txt_feedback.started,txt_feedback.stopped,gender (m/f),participant,ita,eng,pratica,date,expName,psychopyVersion,frameRate,
green,green,down,1,verde,0,0,0,2,13.90861161799694,None,left,0,2.603397655999288,13.90861161799694,None,16.578129707995686,None,f,0,0,0,1,2023-04-18_12h53.49.746,stroop,2022.1.4,59.73791162239733,
red,green,down,0,rosso,0,1,1,1,17.05655046699394,None,left,0,1.2903388080158038,17.05655046699394,None,18.371799284999724,None,f,0,0,0,1,2023-04-18_12h53.49.746,stroop,2022.1.4,59.73791162239733,
red,red,left,1,rosso,0,2,2,0,18.872445531000267,None,left,1,1.3272684450057568,18.872445531000267,None,20.22573443398869,None,f,0,0,0,1,2023-04-18_12h53.49.746,stroop,2022.1.4,59.73791162239733,
blue,red,left,0,blu,0,3,3,5,20.738703987997724,None,left,1,1.1280081100121606,20.738703987997724,None,21.89053715398768,None,f,0,0,0,1,2023-04-18_12h53.49.746,stroop,2022.1.4,59.73791162239733,
green,blue,right,0,verde,0,4,4,3,22.405565163993742,None,right,1,1.014521140998113,22.405565163993742,None,23.438638212988735,None,f,0,0,0,1,2023-04-18_12h53.49.746,stroop,2022.1.4,59.73791162239733,
blue,blue,right,1,blu,0,5,5,4,23.938669281997136,None,right,1,0.6462321620056173,23.938669281997136,None,24.605178338999394,None,f,0,0,0,1,2023-04-18_12h53.49.746,stroop,2022.1.4,59.73791162239733,
