﻿word,letterColor,corrAns,congruent,parola,Loop_pratica.thisRepN,Loop_pratica.thisTrialN,Loop_pratica.thisN,Loop_pratica.thisIndex,Loop_eng.thisRepN,Loop_eng.thisTrialN,Loop_eng.thisN,Loop_eng.thisIndex,Loop_ita.thisRepN,Loop_ita.thisTrialN,Loop_ita.thisN,Loop_ita.thisIndex,txt_eng.started,txt_eng.stopped,kb_eng.keys,kb_eng.corr,kb_eng.rt,kb_eng.started,kb_eng.stopped,txt_feedback.started,txt_feedback.stopped,txt_instruction.started,txt_instruction.stopped,txt_pausa.started,txt_pausa.stopped,txt_istruzioni.started,txt_istruzioni.stopped,txt_end.started,txt_end.stopped,gender (m/f),participant,ita,eng,pratica,date,expName,psychopyVersion,frameRate,
green,blue,right,0,verde,0,0,0,3,,,,,,,,,13.325392963000922,None,right,1,5.372837765986333,13.325392963000922,None,18.763220079999883,None,,,,,,,,,f,0,0,0,1,2023-04-18_12h53.09.850,stroop,2022.1.4,60.056696165688805,
blue,red,left,0,blu,0,1,1,5,,,,,,,,,19.23380183200061,None,left,1,1.1145669849938713,19.23380183200061,None,20.36714341500192,None,,,,,,,,,f,0,0,0,1,2023-04-18_12h53.09.850,stroop,2022.1.4,60.056696165688805,
green,green,down,1,verde,0,2,2,2,,,,,,,,,20.867506290000165,None,down,1,1.3121057690004818,20.867506290000165,None,22.200437892999616,None,,,,,,,,,f,0,0,0,1,2023-04-18_12h53.09.850,stroop,2022.1.4,60.056696165688805,
blue,blue,right,1,blu,0,3,3,4,,,,,,,,,22.700514885000302,None,right,1,0.7260027089796495,22.700514885000302,None,23.450202617998002,None,,,,,,,,,f,0,0,0,1,2023-04-18_12h53.09.850,stroop,2022.1.4,60.056696165688805,
red,green,down,0,rosso,0,4,4,1,,,,,,,,,23.950360388000263,None,down,1,3.1258511199848726,23.950360388000263,None,27.100416542001767,None,,,,,,,,,f,0,0,0,1,2023-04-18_12h53.09.850,stroop,2022.1.4,60.056696165688805,
,,,,,,,,,,,,,,,,,,,,,,,,,,27.600256928009912,None,33.77113487900351,None,34.09996196899738,None,34.435275887997705,None,,,,,,,,,,
