﻿thisN,thisTrialN,thisRepN,word,parola,letterColor,corrAns,congruent,trial_ita_kb.keys,trial_ita_kb.corr,trial_ita_kb.rt,trial_ita_kb.duration,Loop_practice.thisRepN,Loop_practice.thisTrialN,Loop_practice.thisN,Loop_practice.thisIndex,Loop_training.thisRepN,Loop_training.thisTrialN,Loop_training.thisN,Loop_training.thisIndex,thisRow.t,notes,ordine,SETTING.started,SETTING.stopped,INST_ITA.started,istr_ita_kb.started,istr_ita_txt.started,INST_ITA.stopped,TRIAL_ITA.started,trial_ita_txt.started,trial_ita_kb.started,TRIAL_ITA.stopped,blocco,Loop_training.trial_ita_kb.keys,Loop_training.trial_ita_kb.corr,Loop_training.trial_ita_kb.rt,Loop_training.trial_ita_kb.duration,FEEDBACK.started,feedback_txt.started,FEEDBACK.stopped,feedback_txt.stopped,gender (m/f),age,participant,practice,date,expName,expVersion,psychopyVersion,frameRate,expStart,
,,,,,,,,,,,,,,,,,,,,,,ENG-ITA,0.003043250006157905,0.003090541998972185,,,,,,,,,,,,,,,,,,f,,1,1,2025-10-30_11h59.07.014,stroop,,2025.1.1,None,2025-10-30 11h59.24.368928 +0100,
0,0,0,blue,blu,blue,right,1,left,0,1.5483629999944242,None,0,0,0,0,0,0,0,4,0.953962750005303,,,,,0.0034429579973220825,0.016960708002443425,0.016960708002443425,0.9362354170007166,0.9503694169980008,1.4284155420027673,1.4284155420027673,2.989130333007779,ITA,left,0,1.5483629999944242,None,2.9934492080064956,3.018786667002132,3.2932952080009272,,f,,1,1,2025-10-30_11h59.07.014,stroop,,2025.1.1,None,2025-10-30 11h59.24.368928 +0100,
1,1,0,red,rosso,red,left,1,left,1,0.5761875830066856,None,0,0,0,0,0,1,1,0,3.3054156669968506,,,,,,,,,3.2937875000061467,3.7785884580080165,3.7785884580080165,4.358064583007945,ITA,left,1,0.5761875830066856,None,4.364746582999942,4.372839874995407,4.657592792005744,4.661530083001708,f,,1,1,2025-10-30_11h59.07.014,stroop,,2025.1.1,None,2025-10-30 11h59.24.368928 +0100,
2,2,0,red,rosso,green,down,0,down,1,0.786616124009015,None,0,0,0,0,0,2,2,1,4.661530083001708,,,,,,,,,4.6580785420082975,5.145119708002312,5.145119708002312,5.943766416996368,ITA,down,1,0.786616124009015,None,5.9483393330010585,5.951951708004344,6.243313416998717,,f,,1,1,2025-10-30_11h59.07.014,stroop,,2025.1.1,None,2025-10-30 11h59.24.368928 +0100,
