﻿thisN,thisTrialN,thisRepN,word,parola,letterColor,corrAns,congruent,trial_ita_kb.keys,trial_ita_kb.corr,trial_ita_kb.rt,trial_ita_kb.duration,Loop_practice.thisRepN,Loop_practice.thisTrialN,Loop_practice.thisN,Loop_practice.thisIndex,Loop_training.thisRepN,Loop_training.thisTrialN,Loop_training.thisN,Loop_training.thisIndex,thisRow.t,notes,ordine,SETTING.started,SETTING.stopped,INST_ITA.started,istr_ita_kb.started,istr_ita_txt.started,INST_ITA.stopped,TRIAL_ITA.started,trial_ita_txt.started,trial_ita_kb.started,TRIAL_ITA.stopped,blocco,Loop_training.trial_ita_kb.keys,Loop_training.trial_ita_kb.corr,Loop_training.trial_ita_kb.rt,Loop_training.trial_ita_kb.duration,FEEDBACK.started,feedback_txt.started,FEEDBACK.stopped,THANKS.started,thanks_txt.started,thank_kb.started,gender (m/f),age,participant,practice,date,expName,expVersion,psychopyVersion,frameRate,expStart,
,,,,,,,,,,,,,,,,,,,,,,ENG-ITA,0.0028883330087410286,0.002933000010671094,,,,,,,,,,,,,,,,,,,,f,,1,1,2025-10-30_12h01.25.734,stroop,,2025.1.1,None,2025-10-30 12h02.10.496214 +0100,
0,0,0,red,rosso,green,down,0,down,1,1.3040886240050895,None,0,0,0,0,0,0,0,1,1.0800982910004677,,,,,0.0032966660073725507,0.006631083000684157,0.006631083000684157,1.0574923750100425,1.0718777080037398,1.5591550000099232,1.5591550000099232,2.868915915998514,ITA,down,1,1.3040886240050895,None,2.880531583010452,2.916529125010129,3.17485537500761,,,,f,,1,1,2025-10-30_12h01.25.734,stroop,,2025.1.1,None,2025-10-30 12h02.10.496214 +0100,
1,1,0,green,verde,green,down,1,down,1,0.5457054159924155,None,0,0,0,0,0,1,1,2,3.180173041007947,,,,,,,,,3.175998791004531,3.6645672080048826,3.6645672080048826,4.215749708004296,ITA,down,1,0.5457054159924155,None,4.220438500007731,4.232785208005225,4.516987708004308,,,,f,,1,1,2025-10-30_12h01.25.734,stroop,,2025.1.1,None,2025-10-30 12h02.10.496214 +0100,
,,,,,,,,,,,,,,,,,,,,,,,,,,,,,,,,,,,,,,,,,4.518795791009325,4.523349166003754,4.523349166003754,,,,,,,,,,,
