﻿file_path;file_name;file_red;file_green;file_category;Istr_path;istr_mixed;istr_flower;istr_storage;istr_happy;istr_neutral;istr_index1;istr_index2;istr_index3;istr_index4;file_valence;file_arousal;Br_test_loop.thisRepN;Br_test_loop.thisTrialN;Br_test_loop.thisN;Br_test_loop.thisIndex;Training_loop.thisRepN;Training_loop.thisTrialN;Training_loop.thisN;Training_loop.thisIndex;Training_block_loop.thisRepN;Training_block_loop.thisTrialN;Training_block_loop.thisN;Training_block_loop.thisIndex;Training_trials_loop.thisRepN;Training_trials_loop.thisTrialN;Training_trials_loop.thisN;Training_trials_loop.thisIndex;Mimicry_manipulation_loop.thisRepN;Mimicry_manipulation_loop.thisTrialN;Mimicry_manipulation_loop.thisN;Mimicry_manipulation_loop.thisIndex;Sperimental_block_loop.thisRepN;Sperimental_block_loop.thisTrialN;Sperimental_block_loop.thisN;Sperimental_block_loop.thisIndex;Trials_loop.thisRepN;Trials_loop.thisTrialN;Trials_loop.thisN;Trials_loop.thisIndex;Valuation_block_loop.thisRepN;Valuation_block_loop.thisTrialN;Valuation_block_loop.thisN;Valuation_block_loop.thisIndex;Valuation_loop.thisRepN;Valuation_loop.thisTrialN;Valuation_loop.thisN;Valuation_loop.thisIndex;img_rivalry.started;img_rivalry.stopped;img_istr_coding.started;img_istr_coding.stopped;txt_coding_1.started;txt_coding_1.stopped;txt_coding_2.started;txt_coding_2.stopped;txt_coding_3.started;txt_coding_3.stopped;txt_coding_4.started;txt_coding_4.stopped;img_fixation_training.started;img_fixation_training.stopped;img_istr_training.started;img_istr_training.stopped;kb_trial_training.keys;kb_trial_training.corr;kb_trial_training.started;kb_trial_training.stopped;kb_trial_training.rt;txt_accuracy.started;txt_accuracy.stopped;kb_extra_training.keys;kb_extra_training.rt;kb_extra_training.started;kb_extra_training.stopped;txt_mimicry.started;txt_mimicry.stopped;img_mimicry.started;img_mimicry.stopped;mimicry;img_trial.started;img_trial.stopped;txt_istr1.started;txt_istr1.stopped;txt_istr2.started;txt_istr2.stopped;txt_istr3.started;txt_istr3.stopped;txt_istr4.started;txt_istr4.stopped;kb_trial.keys;kb_trial.started;kb_trial.stopped;txt_istr_valuation.started;txt_istr_valuation.stopped;txt_scale.started;txt_scale.stopped;kb_istr_valuation.keys;kb_istr_valuation.rt;kb_istr_valuation.started;kb_istr_valuation.stopped;img_valence.started;img_valence.stopped;key_valuation.keys;key_valuation.rt;key_valuation.started;key_valuation.stopped;participant;session;practice;experimenter;date;expName;psychopyVersion;frameRate;
images/rivalry/SF.png;SF;storage;flower;object;;;;;;;;;;;;;0;0;0;1;;;;;;;;;;;;;;;;;;;;;;;;;;;;;;;;;32.90238029600005;None;;;;;;;;;;;;;;;;;;;;;;;;;;;;;;;;;;;;;;;;;;;;;;;;;;;;;;;;;;0;001;1;thomas;2023-04-18_18h37.24.450;VR_setting;2022.1.4;59.94383238978098;
images/rivalry/HN.png;HN;happy;neutral;face;;;;;;;;;;;;;0;1;1;2;;;;;;;;;;;;;;;;;;;;;;;;;;;;;;;;;33.31714793399442;None;;;;;;;;;;;;;;;;;;;;;;;;;;;;;;;;;;;;;;;;;;;;;;;;;;;;;;;;;;0;001;1;thomas;2023-04-18_18h37.24.450;VR_setting;2022.1.4;59.94383238978098;
images/rivalry/FS.png;FS;flower;storage;object;;;;;;;;;;;;;0;2;2;0;;;;;;;;;;;;;;;;;;;;;;;;;;;;;;;;;33.717972936996375;None;;;;;;;;;;;;;;;;;;;;;;;;;;;;;;;;;;;;;;;;;;;;;;;;;;;;;;;;;;0;001;1;thomas;2023-04-18_18h37.24.450;VR_setting;2022.1.4;59.94383238978098;
images/rivalry/NH.png;NH;neutral;happy;face;;;;;;;;;;;;;0;3;3;3;;;;;;;;;;;;;;;;;;;;;;;;;;;;;;;;;34.13279653398786;None;;;;;;;;;;;;;;;;;;;;;;;;;;;;;;;;;;;;;;;;;;;;;;;;;;;;;;;;;;0;001;1;thomas;2023-04-18_18h37.24.450;VR_setting;2022.1.4;59.94383238978098;
images/monocular/red_storage.png;storage;yes;no;object;images/istruzioni/HSNF.png;k;l;j;j;l;Felice;Containers;Neutro;Fiori;4.01;2.52;;;;;0;0;0;0;0;0;0;1;0;0;0;7;;;;;;;;;;;;;;;;;;;;;;;39.79557565700088;None;39.79557565700088;None;39.79557565700088;None;39.79557565700088;None;39.79557565700088;None;45.21392535600171;None;45.71677753099357;None;None;0;45.71677753099357;None;;;;;;;;;;;;;;;;;;;;;;;;;;;;;;;;;;;;;;;;0;001;1;thomas;2023-04-18_18h37.24.450;VR_setting;2022.1.4;59.94383238978098;
images/monocular/green_flower.png;flower;no;yes;object;images/istruzioni/HSNF.png;k;l;j;j;l;Felice;Containers;Neutro;Fiori;5.95;3.45;;;;;0;0;0;0;0;0;0;1;0;1;1;0;;;;;;;;;;;;;;;;;;;;;;;;;;;;;;;;;46.81664884000202;None;47.31753478599421;None;None;0;47.31753478599421;None;;;;;;;;;;;;;;;;;;;;;;;;;;;;;;;;;;;;;;;;0;001;1;thomas;2023-04-18_18h37.24.450;VR_setting;2022.1.4;59.94383238978098;
images/monocular/green_neutral.png;neutral;no;yes;face;images/istruzioni/HSNF.png;k;l;j;j;l;Felice;Containers;Neutro;Fiori;3.89;2.17;;;;;0;0;0;0;0;0;0;1;0;2;2;2;;;;;;;;;;;;;;;;;;;;;;;;;;;;;;;;;48.43301981900004;None;48.93360126399784;None;None;0;48.93360126399784;None;;;;;;;;;;;;;;;;;;;;;;;;;;;;;;;;;;;;;;;;0;001;1;thomas;2023-04-18_18h37.24.450;VR_setting;2022.1.4;59.94383238978098;
images/monocular/green_happy.png;happy;no;yes;face;images/istruzioni/HSNF.png;k;l;j;j;l;Felice;Containers;Neutro;Fiori;5.19;3.17;;;;;0;0;0;0;0;0;0;1;0;3;3;1;;;;;;;;;;;;;;;;;;;;;;;;;;;;;;;;;50.03325060199131;None;50.53256575598789;None;j;1;50.53256575598789;None;0.06356659800803754;;;;;;;;;;;;;;;;;;;;;;;;;;;;;;;;;;;;;;;0;001;1;thomas;2023-04-18_18h37.24.450;VR_setting;2022.1.4;59.94383238978098;
images/monocular/red_flower.png;flower;yes;no;object;images/istruzioni/HSNF.png;k;l;j;j;l;Felice;Containers;Neutro;Fiori;5.95;3.45;;;;;0;0;0;0;0;0;0;1;0;4;4;4;;;;;;;;;;;;;;;;;;;;;;;;;;;;;;;;;51.633003077993635;None;52.13257821499428;None;None;0;52.13257821499428;None;;;;;;;;;;;;;;;;;;;;;;;;;;;;;;;;;;;;;;;;0;001;1;thomas;2023-04-18_18h37.24.450;VR_setting;2022.1.4;59.94383238978098;
images/monocular/red_happy.png;happy;yes;no;face;images/istruzioni/HSNF.png;k;l;j;j;l;Felice;Containers;Neutro;Fiori;5.19;3.17;;;;;0;0;0;0;0;0;0;1;0;5;5;5;;;;;;;;;;;;;;;;;;;;;;;;;;;;;;;;;53.23261344298953;None;53.732474113989156;None;None;0;53.732474113989156;None;;;;;;;;;;;;;;;;;;;;;;;;;;;;;;;;;;;;;;;;0;001;1;thomas;2023-04-18_18h37.24.450;VR_setting;2022.1.4;59.94383238978098;
images/monocular/green_storage.png;storage;no;yes;object;images/istruzioni/HSNF.png;k;l;j;j;l;Felice;Containers;Neutro;Fiori;4.01;2.52;;;;;0;0;0;0;0;0;0;1;0;6;6;3;;;;;;;;;;;;;;;;;;;;;;;;;;;;;;;;;54.8331892999995;None;55.333111729996745;None;l;0;55.333111729996745;None;0.03092206100700423;;;;;;;;;;;;;;;;;;;;;;;;;;;;;;;;;;;;;;;0;001;1;thomas;2023-04-18_18h37.24.450;VR_setting;2022.1.4;59.94383238978098;
images/monocular/red_neutral.png;neutral;yes;no;face;images/istruzioni/HSNF.png;k;l;j;j;l;Felice;Containers;Neutro;Fiori;3.89;2.17;;;;;0;0;0;0;0;0;0;1;0;7;7;6;;;;;;;;;;;;;;;;;;;;;;;;;;;;;;;;;56.38308046098973;None;56.88232753898774;None;None;0;56.88232753898774;None;;;;;;;;;;;;;;;;;;;;;;;;;;;;;;;;;;;;;;;;0;001;1;thomas;2023-04-18_18h37.24.450;VR_setting;2022.1.4;59.94383238978098;
;;;;;images/istruzioni/HSNF.png;k;l;j;j;l;Felice;Containers;Neutro;Fiori;;;;;;;0;0;0;0;0;0;0;1;;;;;;;;;;;;;;;;;;;;;;;;;;;;;;;;;;;;;;;;;;;;;;;;;;;;;;;;;;;;;;;;;;;;;;;;;;;;;;;;;;;;0;001;1;thomas;2023-04-18_18h37.24.450;VR_setting;2022.1.4;59.94383238978098;
images/monocular/green_storage.png;storage;no;yes;object;images/istruzioni/NFHS.png;k;j;l;l;j;Neutro;Fiori;Felice;Containers;4.01;2.52;;;;;0;0;0;0;0;1;1;2;0;0;0;3;;;;;;;;;;;;;;;;;;;;;;;60.35474055899249;None;60.35474055899249;None;60.35474055899249;None;60.35474055899249;None;60.35474055899249;None;61.43573841400212;None;61.94903617000091;None;None;0;61.94903617000091;None;;;;;;;;;;;;;;;;;;;;;;;;;;;;;;;;;;;;;;;;0;001;1;thomas;2023-04-18_18h37.24.450;VR_setting;2022.1.4;59.94383238978098;
images/monocular/red_storage.png;storage;yes;no;object;images/istruzioni/NFHS.png;k;j;l;l;j;Neutro;Fiori;Felice;Containers;4.01;2.52;;;;;0;0;0;0;0;1;1;2;0;1;1;7;;;;;;;;;;;;;;;;;;;;;;;;;;;;;;;;;63.0492383279925;None;63.54902051499812;None;None;0;63.54902051499812;None;;;;;;;;;;;;;;;;;;;;;;;;;;;;;;;;;;;;;;;;0;001;1;thomas;2023-04-18_18h37.24.450;VR_setting;2022.1.4;59.94383238978098;
images/monocular/green_happy.png;happy;no;yes;face;images/istruzioni/NFHS.png;k;j;l;l;j;Neutro;Fiori;Felice;Containers;5.19;3.17;;;;;0;0;0;0;0;1;1;2;0;2;2;1;;;;;;;;;;;;;;;;;;;;;;;;;;;;;;;;;64.6651368879975;None;65.15000588099065;None;None;0;65.15000588099065;None;;;;;;;;;;;;;;;;;;;;;;;;;;;;;;;;;;;;;;;;0;001;1;thomas;2023-04-18_18h37.24.450;VR_setting;2022.1.4;59.94383238978098;
images/monocular/green_flower.png;flower;no;yes;object;images/istruzioni/NFHS.png;k;j;l;l;j;Neutro;Fiori;Felice;Containers;5.95;3.45;;;;;0;0;0;0;0;1;1;2;0;3;3;0;;;;;;;;;;;;;;;;;;;;;;;;;;;;;;;;;66.24854142699041;None;66.75056664399744;None;l;0;66.75056664399744;None;0.05345286200463306;;;;;;;;;;;;;;;;;;;;;;;;;;;;;;;;;;;;;;;0;001;1;thomas;2023-04-18_18h37.24.450;VR_setting;2022.1.4;59.94383238978098;
images/monocular/red_neutral.png;neutral;yes;no;face;images/istruzioni/NFHS.png;k;j;l;l;j;Neutro;Fiori;Felice;Containers;3.89;2.17;;;;;0;0;0;0;0;1;1;2;0;4;4;6;;;;;;;;;;;;;;;;;;;;;;;;;;;;;;;;;67.83249343799253;None;68.33315629098797;None;None;0;68.33315629098797;None;;;;;;;;;;;;;;;;;;;;;;;;;;;;;;;;;;;;;;;;0;001;1;thomas;2023-04-18_18h37.24.450;VR_setting;2022.1.4;59.94383238978098;
images/monocular/red_happy.png;happy;yes;no;face;images/istruzioni/NFHS.png;k;j;l;l;j;Neutro;Fiori;Felice;Containers;5.19;3.17;;;;;0;0;0;0;0;1;1;2;0;5;5;5;;;;;;;;;;;;;;;;;;;;;;;;;;;;;;;;;69.44872150899027;None;69.94884743000148;None;l;1;69.94884743000148;None;0.016707735994714312;;;;;;;;;;;;;;;;;;;;;;;;;;;;;;;;;;;;;;;0;001;1;thomas;2023-04-18_18h37.24.450;VR_setting;2022.1.4;59.94383238978098;
images/monocular/green_neutral.png;neutral;no;yes;face;images/istruzioni/NFHS.png;k;j;l;l;j;Neutro;Fiori;Felice;Containers;3.89;2.17;;;;;0;0;0;0;0;1;1;2;0;6;6;2;;;;;;;;;;;;;;;;;;;;;;;;;;;;;;;;;70.98187415899883;None;71.48199453800044;None;None;0;71.48199453800044;None;;;;;;;;;;;;;;;;;;;;;;;;;;;;;;;;;;;;;;;;0;001;1;thomas;2023-04-18_18h37.24.450;VR_setting;2022.1.4;59.94383238978098;
images/monocular/red_flower.png;flower;yes;no;object;images/istruzioni/NFHS.png;k;j;l;l;j;Neutro;Fiori;Felice;Containers;5.95;3.45;;;;;0;0;0;0;0;1;1;2;0;7;7;4;;;;;;;;;;;;;;;;;;;;;;;;;;;;;;;;;72.58233637099329;None;73.08362539099471;None;None;0;73.08362539099471;None;;;;;;;;;;;;;;;;;;;;;;;;;;;;;;;;;;;;;;;;0;001;1;thomas;2023-04-18_18h37.24.450;VR_setting;2022.1.4;59.94383238978098;
;;;;;images/istruzioni/NFHS.png;k;j;l;l;j;Neutro;Fiori;Felice;Containers;;;;;;;0;0;0;0;0;1;1;2;;;;;;;;;;;;;;;;;;;;;;;;;;;;;;;;;;;;;;;;;;;;;;;;;;;;;;;;;;;;;;;;;;;;;;;;;;;;;;;;;;;;0;001;1;thomas;2023-04-18_18h37.24.450;VR_setting;2022.1.4;59.94383238978098;
images/monocular/green_neutral.png;neutral;no;yes;face;images/istruzioni/HFNS.png;k;j;l;j;l;Felice;Fiori;Neutro;Containers;3.89;2.17;;;;;0;0;0;0;0;2;2;0;0;0;0;2;;;;;;;;;;;;;;;;;;;;;;;75.2267632939911;None;75.2267632939911;None;75.2267632939911;None;75.2267632939911;None;75.2267632939911;None;76.10699355299585;None;76.6152268859878;None;None;0;76.6152268859878;None;;;;;;;;;;;;;;;;;;;;;;;;;;;;;;;;;;;;;;;;0;001;1;thomas;2023-04-18_18h37.24.450;VR_setting;2022.1.4;59.94383238978098;
images/monocular/green_storage.png;storage;no;yes;object;images/istruzioni/HFNS.png;k;j;l;j;l;Felice;Fiori;Neutro;Containers;4.01;2.52;;;;;0;0;0;0;0;2;2;0;0;1;1;3;;;;;;;;;;;;;;;;;;;;;;;;;;;;;;;;;77.71539452498837;None;78.21670736999658;None;None;0;78.21670736999658;None;;;;;;;;;;;;;;;;;;;;;;;;;;;;;;;;;;;;;;;;0;001;1;thomas;2023-04-18_18h37.24.450;VR_setting;2022.1.4;59.94383238978098;
images/monocular/red_storage.png;storage;yes;no;object;images/istruzioni/HFNS.png;k;j;l;j;l;Felice;Fiori;Neutro;Containers;4.01;2.52;;;;;0;0;0;0;0;2;2;0;0;2;2;7;;;;;;;;;;;;;;;;;;;;;;;;;;;;;;;;;79.33218532300089;None;79.83171933899575;None;None;0;79.83171933899575;None;;;;;;;;;;;;;;;;;;;;;;;;;;;;;;;;;;;;;;;;0;001;1;thomas;2023-04-18_18h37.24.450;VR_setting;2022.1.4;59.94383238978098;
images/monocular/red_flower.png;flower;yes;no;object;images/istruzioni/HFNS.png;k;j;l;j;l;Felice;Fiori;Neutro;Containers;5.95;3.45;;;;;0;0;0;0;0;2;2;0;0;3;3;4;;;;;;;;;;;;;;;;;;;;;;;;;;;;;;;;;80.93205915798899;None;81.43234121899877;None;None;0;81.43234121899877;None;;;;;;;;;;;;;;;;;;;;;;;;;;;;;;;;;;;;;;;;0;001;1;thomas;2023-04-18_18h37.24.450;VR_setting;2022.1.4;59.94383238978098;
images/monocular/red_neutral.png;neutral;yes;no;face;images/istruzioni/HFNS.png;k;j;l;j;l;Felice;Fiori;Neutro;Containers;3.89;2.17;;;;;0;0;0;0;0;2;2;0;0;4;4;6;;;;;;;;;;;;;;;;;;;;;;;;;;;;;;;;;82.53156341498834;None;83.03149300099176;None;None;0;83.03149300099176;None;;;;;;;;;;;;;;;;;;;;;;;;;;;;;;;;;;;;;;;;0;001;1;thomas;2023-04-18_18h37.24.450;VR_setting;2022.1.4;59.94383238978098;
images/monocular/green_flower.png;flower;no;yes;object;images/istruzioni/HFNS.png;k;j;l;j;l;Felice;Fiori;Neutro;Containers;5.95;3.45;;;;;0;0;0;0;0;2;2;0;0;5;5;0;;;;;;;;;;;;;;;;;;;;;;;;;;;;;;;;;84.13191341399215;None;84.6330034329876;None;l;0;84.6330034329876;None;0.06202625100559089;;;;;;;;;;;;;;;;;;;;;;;;;;;;;;;;;;;;;;;0;001;1;thomas;2023-04-18_18h37.24.450;VR_setting;2022.1.4;59.94383238978098;
images/monocular/red_happy.png;happy;yes;no;face;images/istruzioni/HFNS.png;k;j;l;j;l;Felice;Fiori;Neutro;Containers;5.19;3.17;;;;;0;0;0;0;0;2;2;0;0;6;6;5;;;;;;;;;;;;;;;;;;;;;;;;;;;;;;;;;85.71511471299164;None;86.21457586799806;None;l;0;86.21457586799806;None;0.0007030910055618733;;;;;;;;;;;;;;;;;;;;;;;;;;;;;;;;;;;;;;;0;001;1;thomas;2023-04-18_18h37.24.450;VR_setting;2022.1.4;59.94383238978098;
images/monocular/green_happy.png;happy;no;yes;face;images/istruzioni/HFNS.png;k;j;l;j;l;Felice;Fiori;Neutro;Containers;5.19;3.17;;;;;0;0;0;0;0;2;2;0;0;7;7;1;;;;;;;;;;;;;;;;;;;;;;;;;;;;;;;;;87.24837238500186;None;87.74832936799794;None;None;0;87.74832936799794;None;;;;;;;;;;;;;;;;;;;;;;;;;;;;;;;;;;;;;;;;0;001;1;thomas;2023-04-18_18h37.24.450;VR_setting;2022.1.4;59.94383238978098;
;;;;;images/istruzioni/HFNS.png;k;j;l;j;l;Felice;Fiori;Neutro;Containers;;;;;;;0;0;0;0;0;2;2;0;;;;;;;;;;;;;;;;;;;;;;;;;;;;;;;;;;;;;;;;;;;;;;;;;;;;;;;;;;;;;;;;;;;;;;;;;;;;;;;;;;;;0;001;1;thomas;2023-04-18_18h37.24.450;VR_setting;2022.1.4;59.94383238978098;
images/monocular/green_neutral.png;neutral;no;yes;face;images/istruzioni/NSHF.png;k;l;j;l;j;Neutro;Containers;Felice;Fiori;3.89;2.17;;;;;0;0;0;0;0;3;3;3;0;0;0;2;;;;;;;;;;;;;;;;;;;;;;;89.73935445799725;None;89.73935445799725;None;89.73935445799725;None;89.73935445799725;None;89.73935445799725;None;90.35047232799116;None;90.86502945399843;None;None;0;90.86502945399843;None;;;;;;;;;;;;;;;;;;;;;;;;;;;;;;;;;;;;;;;;0;001;1;thomas;2023-04-18_18h37.24.450;VR_setting;2022.1.4;59.94383238978098;
images/monocular/green_happy.png;happy;no;yes;face;images/istruzioni/NSHF.png;k;l;j;l;j;Neutro;Containers;Felice;Fiori;5.19;3.17;;;;;0;0;0;0;0;3;3;3;0;1;1;1;;;;;;;;;;;;;;;;;;;;;;;;;;;;;;;;;91.96543013300106;None;92.46474455999851;None;j;0;92.46474455999851;None;0.06490437801403459;;;;;;;;;;;;;;;;;;;;;;;;;;;;;;;;;;;;;;;0;001;1;thomas;2023-04-18_18h37.24.450;VR_setting;2022.1.4;59.94383238978098;
images/monocular/green_storage.png;storage;no;yes;object;images/istruzioni/NSHF.png;k;l;j;l;j;Neutro;Containers;Felice;Fiori;4.01;2.52;;;;;0;0;0;0;0;3;3;3;0;2;2;3;;;;;;;;;;;;;;;;;;;;;;;;;;;;;;;;;93.54841016799037;None;94.04808403999778;None;j;1;94.04808403999778;None;0.041944085009163246;;;;;;;;;;;;;;;;;;;;;;;;;;;;;;;;;;;;;;;0;001;1;thomas;2023-04-18_18h37.24.450;VR_setting;2022.1.4;59.94383238978098;
images/monocular/red_flower.png;flower;yes;no;object;images/istruzioni/NSHF.png;k;l;j;l;j;Neutro;Containers;Felice;Fiori;5.95;3.45;;;;;0;0;0;0;0;3;3;3;0;3;3;4;;;;;;;;;;;;;;;;;;;;;;;;;;;;;;;;;95.1152628629934;None;95.61607789699337;None;None;0;95.61607789699337;None;;;;;;;;;;;;;;;;;;;;;;;;;;;;;;;;;;;;;;;;0;001;1;thomas;2023-04-18_18h37.24.450;VR_setting;2022.1.4;59.94383238978098;
images/monocular/green_flower.png;flower;no;yes;object;images/istruzioni/NSHF.png;k;l;j;l;j;Neutro;Containers;Felice;Fiori;5.95;3.45;;;;;0;0;0;0;0;3;3;3;0;4;4;0;;;;;;;;;;;;;;;;;;;;;;;;;;;;;;;;;96.73119728699385;None;97.23306686399155;None;j;0;97.23306686399155;None;0.05861888801155146;;;;;;;;;;;;;;;;;;;;;;;;;;;;;;;;;;;;;;;0;001;1;thomas;2023-04-18_18h37.24.450;VR_setting;2022.1.4;59.94383238978098;
images/monocular/red_storage.png;storage;yes;no;object;images/istruzioni/NSHF.png;k;l;j;l;j;Neutro;Containers;Felice;Fiori;4.01;2.52;;;;;0;0;0;0;0;3;3;3;0;5;5;7;;;;;;;;;;;;;;;;;;;;;;;;;;;;;;;;;98.31501677399501;None;98.81449506500212;None;None;0;98.81449506500212;None;;;;;;;;;;;;;;;;;;;;;;;;;;;;;;;;;;;;;;;;0;001;1;thomas;2023-04-18_18h37.24.450;VR_setting;2022.1.4;59.94383238978098;
images/monocular/red_neutral.png;neutral;yes;no;face;images/istruzioni/NSHF.png;k;l;j;l;j;Neutro;Containers;Felice;Fiori;3.89;2.17;;;;;0;0;0;0;0;3;3;3;0;6;6;6;;;;;;;;;;;;;;;;;;;;;;;;;;;;;;;;;99.91493614298815;None;100.41459960999782;None;j;1;100.41459960999782;None;0.06419419501617085;;;;;;;;;;;;;;;;;;;;;;;;;;;;;;;;;;;;;;;0;001;1;thomas;2023-04-18_18h37.24.450;VR_setting;2022.1.4;59.94383238978098;
images/monocular/red_happy.png;happy;yes;no;face;images/istruzioni/NSHF.png;k;l;j;l;j;Neutro;Containers;Felice;Fiori;5.19;3.17;;;;;0;0;0;0;0;3;3;3;0;7;7;5;;;;;;;;;;;;;;;;;;;;;;;;;;;;;;;;;101.49800627099467;None;101.99787545499566;None;j;0;101.99787545499566;None;0.02492966700810939;;;;;;;;;;;;;;;;;;;;;;;;;;;;;;;;;;;;;;;0;001;1;thomas;2023-04-18_18h37.24.450;VR_setting;2022.1.4;59.94383238978098;
;;;;;images/istruzioni/NSHF.png;k;l;j;l;j;Neutro;Containers;Felice;Fiori;;;;;;;0;0;0;0;0;3;3;3;;;;;;;;;;;;;;;;;;;;;;;;;;;;;;;;;;;;;;;;;;;;;;;;;;;;;;;;;;;;;;;;;;;;;;;;;;;;;;;;;;;;0;001;1;thomas;2023-04-18_18h37.24.450;VR_setting;2022.1.4;59.94383238978098;
;;;;;;;;;;;;;;;;;;;;;0;0;0;0;;;;;;;;;;;;;;;;;;;;;;;;;;;;;;;;;;;;;;;;;;;;;;;;;;105.30813892099832;None;n;3.3761599710123846;109.4688932680001;None;;;;;;;;;;;;;;;;;;;;;;;;;;;;;;;;;0;001;1;thomas;2023-04-18_18h37.24.450;VR_setting;2022.1.4;59.94383238978098;
images/rivalry/SF.png;SF;storage;flower;object;images/istruzioni/NFHS.png;k;j;l;l;j;Neutro;Fiori;Felice;Containers;;;;;;;;;;;;;;;;;;;0;0;0;0;0;0;0;2;0;0;0;1;;;;;;;;;;;118.3582527969993;None;118.3582527969993;None;118.3582527969993;None;118.3582527969993;None;118.3582527969993;None;;;;;;;;;;;;;;;;114.77309792299639;None;114.77309792299639;None;0;120.99904183798935;None;120.99904183798935;None;120.99904183798935;None;120.99904183798935;None;120.99904183798935;None;None;120.99904183798935;None;;;;;;;;;;;;;;;0;001;1;thomas;2023-04-18_18h37.24.450;VR_setting;2022.1.4;59.94383238978098;
images/rivalry/FS.png;FS;flower;storage;object;images/istruzioni/NFHS.png;k;j;l;l;j;Neutro;Fiori;Felice;Containers;;;;;;;;;;;;;;;;;;;0;0;0;0;0;0;0;2;0;1;1;0;;;;;;;;;;;;;;;;;;;;;;;;;;;;;;;;;;;;;;;;0;121.41816902799474;None;121.41816902799474;None;121.41816902799474;None;121.41816902799474;None;121.41816902799474;None;None;121.41816902799474;None;;;;;;;;;;;;;;;0;001;1;thomas;2023-04-18_18h37.24.450;VR_setting;2022.1.4;59.94383238978098;
images/rivalry/HN.png;HN;happy;neutral;face;images/istruzioni/NFHS.png;k;j;l;l;j;Neutro;Fiori;Felice;Containers;;;;;;;;;;;;;;;;;;;0;0;0;0;0;0;0;2;0;2;2;2;;;;;;;;;;;;;;;;;;;;;;;;;;;;;;;;;;;;;;;;0;121.83299320099468;None;121.83299320099468;None;121.83299320099468;None;121.83299320099468;None;121.83299320099468;None;None;121.83299320099468;None;;;;;;;;;;;;;;;0;001;1;thomas;2023-04-18_18h37.24.450;VR_setting;2022.1.4;59.94383238978098;
images/rivalry/NH.png;NH;neutral;happy;face;images/istruzioni/NFHS.png;k;j;l;l;j;Neutro;Fiori;Felice;Containers;;;;;;;;;;;;;;;;;;;0;0;0;0;0;0;0;2;0;3;3;3;;;;;;;;;;;;;;;;;;;;;;;;;;;;;;;;;;;;;;;;0;122.24964813399129;None;122.24964813399129;None;122.24964813399129;None;122.24964813399129;None;122.24964813399129;None;None;122.24964813399129;None;;;;;;;;;;;;;;;0;001;1;thomas;2023-04-18_18h37.24.450;VR_setting;2022.1.4;59.94383238978098;
;;;;;images/istruzioni/NFHS.png;k;j;l;l;j;Neutro;Fiori;Felice;Containers;;;;;;;;;;;;;;;;;;;0;0;0;0;0;0;0;2;;;;;;;;;;;;;;;;;;;;;;;;;;;;;;;;;;;;;;;;;;;;;;;;;;;;;;;;;;;;;;;;;;;;;;;;0;001;1;thomas;2023-04-18_18h37.24.450;VR_setting;2022.1.4;59.94383238978098;
images/rivalry/SF.png;SF;storage;flower;object;images/istruzioni/NSHF.png;k;l;j;l;j;Neutro;Containers;Felice;Fiori;;;;;;;;;;;;;;;;;;;0;0;0;0;0;1;1;3;0;0;0;1;;;;;;;;;;;123.7843782909913;None;123.7843782909913;None;123.7843782909913;None;123.7843782909913;None;123.7843782909913;None;;;;;;;;;;;;;;;;;;;;0;124.98928371799411;None;124.98928371799411;None;124.98928371799411;None;124.98928371799411;None;124.98928371799411;None;None;124.98928371799411;None;;;;;;;;;;;;;;;0;001;1;thomas;2023-04-18_18h37.24.450;VR_setting;2022.1.4;59.94383238978098;
images/rivalry/NH.png;NH;neutral;happy;face;images/istruzioni/NSHF.png;k;l;j;l;j;Neutro;Containers;Felice;Fiori;;;;;;;;;;;;;;;;;;;0;0;0;0;0;1;1;3;0;1;1;3;;;;;;;;;;;;;;;;;;;;;;;;;;;;;;;;;;;;;;;;0;125.39938160199381;None;125.39938160199381;None;125.39938160199381;None;125.39938160199381;None;125.39938160199381;None;None;125.39938160199381;None;;;;;;;;;;;;;;;0;001;1;thomas;2023-04-18_18h37.24.450;VR_setting;2022.1.4;59.94383238978098;
images/rivalry/HN.png;HN;happy;neutral;face;images/istruzioni/NSHF.png;k;l;j;l;j;Neutro;Containers;Felice;Fiori;;;;;;;;;;;;;;;;;;;0;0;0;0;0;1;1;3;0;2;2;2;;;;;;;;;;;;;;;;;;;;;;;;;;;;;;;;;;;;;;;;0;125.8161773289903;None;125.8161773289903;None;125.8161773289903;None;125.8161773289903;None;125.8161773289903;None;None;125.8161773289903;None;;;;;;;;;;;;;;;0;001;1;thomas;2023-04-18_18h37.24.450;VR_setting;2022.1.4;59.94383238978098;
images/rivalry/FS.png;FS;flower;storage;object;images/istruzioni/NSHF.png;k;l;j;l;j;Neutro;Containers;Felice;Fiori;;;;;;;;;;;;;;;;;;;0;0;0;0;0;1;1;3;0;3;3;0;;;;;;;;;;;;;;;;;;;;;;;;;;;;;;;;;;;;;;;;0;126.23074413699214;None;126.23074413699214;None;126.23074413699214;None;126.23074413699214;None;126.23074413699214;None;None;126.23074413699214;None;;;;;;;;;;;;;;;0;001;1;thomas;2023-04-18_18h37.24.450;VR_setting;2022.1.4;59.94383238978098;
;;;;;images/istruzioni/NSHF.png;k;l;j;l;j;Neutro;Containers;Felice;Fiori;;;;;;;;;;;;;;;;;;;0;0;0;0;0;1;1;3;;;;;;;;;;;;;;;;;;;;;;;;;;;;;;;;;;;;;;;;;;;;;;;;;;;;;;;;;;;;;;;;;;;;;;;;0;001;1;thomas;2023-04-18_18h37.24.450;VR_setting;2022.1.4;59.94383238978098;
images/rivalry/SF.png;SF;storage;flower;object;images/istruzioni/HFNS.png;k;j;l;j;l;Felice;Fiori;Neutro;Containers;;;;;;;;;;;;;;;;;;;0;0;0;0;0;2;2;0;0;0;0;1;;;;;;;;;;;127.75312928399944;None;127.75312928399944;None;127.75312928399944;None;127.75312928399944;None;127.75312928399944;None;;;;;;;;;;;;;;;;;;;;0;129.49384933899273;None;129.49384933899273;None;129.49384933899273;None;129.49384933899273;None;129.49384933899273;None;None;129.49384933899273;None;;;;;;;;;;;;;;;0;001;1;thomas;2023-04-18_18h37.24.450;VR_setting;2022.1.4;59.94383238978098;
images/rivalry/HN.png;HN;happy;neutral;face;images/istruzioni/HFNS.png;k;j;l;j;l;Felice;Fiori;Neutro;Containers;;;;;;;;;;;;;;;;;;;0;0;0;0;0;2;2;0;0;1;1;2;;;;;;;;;;;;;;;;;;;;;;;;;;;;;;;;;;;;;;;;0;129.93307236798864;None;129.93307236798864;None;129.93307236798864;None;129.93307236798864;None;129.93307236798864;None;None;129.93307236798864;None;;;;;;;;;;;;;;;0;001;1;thomas;2023-04-18_18h37.24.450;VR_setting;2022.1.4;59.94383238978098;
images/rivalry/NH.png;NH;neutral;happy;face;images/istruzioni/HFNS.png;k;j;l;j;l;Felice;Fiori;Neutro;Containers;;;;;;;;;;;;;;;;;;;0;0;0;0;0;2;2;0;0;2;2;3;;;;;;;;;;;;;;;;;;;;;;;;;;;;;;;;;;;;;;;;0;130.36740005099273;None;130.36740005099273;None;130.36740005099273;None;130.36740005099273;None;130.36740005099273;None;None;130.36740005099273;None;;;;;;;;;;;;;;;0;001;1;thomas;2023-04-18_18h37.24.450;VR_setting;2022.1.4;59.94383238978098;
images/rivalry/FS.png;FS;flower;storage;object;images/istruzioni/HFNS.png;k;j;l;j;l;Felice;Fiori;Neutro;Containers;;;;;;;;;;;;;;;;;;;0;0;0;0;0;2;2;0;0;3;3;0;;;;;;;;;;;;;;;;;;;;;;;;;;;;;;;;;;;;;;;;0;130.7935374689987;None;130.7935374689987;None;130.7935374689987;None;130.7935374689987;None;130.7935374689987;None;None;130.7935374689987;None;;;;;;;;;;;;;;;0;001;1;thomas;2023-04-18_18h37.24.450;VR_setting;2022.1.4;59.94383238978098;
;;;;;images/istruzioni/HFNS.png;k;j;l;j;l;Felice;Fiori;Neutro;Containers;;;;;;;;;;;;;;;;;;;0;0;0;0;0;2;2;0;;;;;;;;;;;;;;;;;;;;;;;;;;;;;;;;;;;;;;;;;;;;;;;;;;;;;;;;;;;;;;;;;;;;;;;;0;001;1;thomas;2023-04-18_18h37.24.450;VR_setting;2022.1.4;59.94383238978098;
images/rivalry/HN.png;HN;happy;neutral;face;images/istruzioni/HSNF.png;k;l;j;j;l;Felice;Containers;Neutro;Fiori;;;;;;;;;;;;;;;;;;;0;0;0;0;0;3;3;1;0;0;0;2;;;;;;;;;;;132.0641008699895;None;132.0641008699895;None;132.0641008699895;None;132.0641008699895;None;132.0641008699895;None;;;;;;;;;;;;;;;;;;;;0;132.78700790299627;None;132.78700790299627;None;132.78700790299627;None;132.78700790299627;None;132.78700790299627;None;None;132.78700790299627;None;;;;;;;;;;;;;;;0;001;1;thomas;2023-04-18_18h37.24.450;VR_setting;2022.1.4;59.94383238978098;
images/rivalry/SF.png;SF;storage;flower;object;images/istruzioni/HSNF.png;k;l;j;j;l;Felice;Containers;Neutro;Fiori;;;;;;;;;;;;;;;;;;;0;0;0;0;0;3;3;1;0;1;1;1;;;;;;;;;;;;;;;;;;;;;;;;;;;;;;;;;;;;;;;;0;133.2006378090009;None;133.2006378090009;None;133.2006378090009;None;133.2006378090009;None;133.2006378090009;None;None;133.2006378090009;None;;;;;;;;;;;;;;;0;001;1;thomas;2023-04-18_18h37.24.450;VR_setting;2022.1.4;59.94383238978098;
images/rivalry/NH.png;NH;neutral;happy;face;images/istruzioni/HSNF.png;k;l;j;j;l;Felice;Containers;Neutro;Fiori;;;;;;;;;;;;;;;;;;;0;0;0;0;0;3;3;1;0;2;2;3;;;;;;;;;;;;;;;;;;;;;;;;;;;;;;;;;;;;;;;;0;133.61626127098862;None;133.61626127098862;None;133.61626127098862;None;133.61626127098862;None;133.61626127098862;None;None;133.61626127098862;None;;;;;;;;;;;;;;;0;001;1;thomas;2023-04-18_18h37.24.450;VR_setting;2022.1.4;59.94383238978098;
images/rivalry/FS.png;FS;flower;storage;object;images/istruzioni/HSNF.png;k;l;j;j;l;Felice;Containers;Neutro;Fiori;;;;;;;;;;;;;;;;;;;0;0;0;0;0;3;3;1;0;3;3;0;;;;;;;;;;;;;;;;;;;;;;;;;;;;;;;;;;;;;;;;0;134.0340549419925;None;134.0340549419925;None;134.0340549419925;None;134.0340549419925;None;134.0340549419925;None;None;134.0340549419925;None;;;;;;;;;;;;;;;0;001;1;thomas;2023-04-18_18h37.24.450;VR_setting;2022.1.4;59.94383238978098;
;;;;;images/istruzioni/HSNF.png;k;l;j;j;l;Felice;Containers;Neutro;Fiori;;;;;;;;;;;;;;;;;;;0;0;0;0;0;3;3;1;;;;;;;;;;;;;;;;;;;;;;;;;;;;;;;;;;;;;;;;;;;;;;;;;;;;;;;;;;;;;;;;;;;;;;;;0;001;1;thomas;2023-04-18_18h37.24.450;VR_setting;2022.1.4;59.94383238978098;
images/monocular/red_flower.png;flower;yes;no;object;;;;;;;;;;;5.95;3.45;;;;;;;;;;;;;;;;;0;0;0;0;;;;;;;;;0;0;0;0;0;0;0;4;;;;;;;;;;;;;;;;;;;;;;;;;;;;;;;;;;;;;;;;;;;;;;135.1229702379933;None;135.1229702379933;None;space;4.617224113011616;135.1229702379933;None;139.77439154399326;None;4;3.1631113680050476;139.77439154399326;None;0;001;1;thomas;2023-04-18_18h37.24.450;VR_setting;2022.1.4;59.94383238978098;
images/monocular/green_flower.png;flower;no;yes;object;;;;;;;;;;;5.95;3.45;;;;;;;;;;;;;;;;;0;0;0;0;;;;;;;;;0;0;0;0;0;1;1;0;;;;;;;;;;;;;;;;;;;;;;;;;;;;;;;;;;;;;;;;;;;;;;;;;;;;;;142.966603036999;None;4;0.17200324501027353;142.966603036999;None;0;001;1;thomas;2023-04-18_18h37.24.450;VR_setting;2022.1.4;59.94383238978098;
images/monocular/green_neutral.png;neutral;no;yes;face;;;;;;;;;;;3.89;2.17;;;;;;;;;;;;;;;;;0;0;0;0;;;;;;;;;0;0;0;0;0;2;2;2;;;;;;;;;;;;;;;;;;;;;;;;;;;;;;;;;;;;;;;;;;;;;;;;;;;;;;143.16553136899893;None;4;0.14632264700776432;143.16553136899893;None;0;001;1;thomas;2023-04-18_18h37.24.450;VR_setting;2022.1.4;59.94383238978098;
images/monocular/red_neutral.png;neutral;yes;no;face;;;;;;;;;;;3.89;2.17;;;;;;;;;;;;;;;;;0;0;0;0;;;;;;;;;0;0;0;0;0;3;3;6;;;;;;;;;;;;;;;;;;;;;;;;;;;;;;;;;;;;;;;;;;;;;;;;;;;;;;143.3299641689955;None;4;0.14692666300106794;143.3299641689955;None;0;001;1;thomas;2023-04-18_18h37.24.450;VR_setting;2022.1.4;59.94383238978098;
images/monocular/green_happy.png;happy;no;yes;face;;;;;;;;;;;5.19;3.17;;;;;;;;;;;;;;;;;0;0;0;0;;;;;;;;;0;0;0;0;0;4;4;1;;;;;;;;;;;;;;;;;;;;;;;;;;;;;;;;;;;;;;;;;;;;;;;;;;;;;;143.49773156800075;None;4;0.14519267399737146;143.49773156800075;None;0;001;1;thomas;2023-04-18_18h37.24.450;VR_setting;2022.1.4;59.94383238978098;
images/monocular/red_storage.png;storage;yes;no;object;;;;;;;;;;;4.01;2.52;;;;;;;;;;;;;;;;;0;0;0;0;;;;;;;;;0;0;0;0;0;5;5;7;;;;;;;;;;;;;;;;;;;;;;;;;;;;;;;;;;;;;;;;;;;;;;;;;;;;;;143.66461554799753;None;4;0.14301164701464586;143.66461554799753;None;0;001;1;thomas;2023-04-18_18h37.24.450;VR_setting;2022.1.4;59.94383238978098;
images/monocular/red_happy.png;happy;yes;no;face;;;;;;;;;;;5.19;3.17;;;;;;;;;;;;;;;;;0;0;0;0;;;;;;;;;0;0;0;0;0;6;6;5;;;;;;;;;;;;;;;;;;;;;;;;;;;;;;;;;;;;;;;;;;;;;;;;;;;;;;143.832283249998;None;4;0.13360690101399086;143.832283249998;None;0;001;1;thomas;2023-04-18_18h37.24.450;VR_setting;2022.1.4;59.94383238978098;
images/monocular/green_storage.png;storage;no;yes;object;;;;;;;;;;;4.01;2.52;;;;;;;;;;;;;;;;;0;0;0;0;;;;;;;;;0;0;0;0;0;7;7;3;;;;;;;;;;;;;;;;;;;;;;;;;;;;;;;;;;;;;;;;;;;;;;;;;;;;;;143.99908565900114;None;4;0.13420901700737886;143.99908565900114;None;0;001;1;thomas;2023-04-18_18h37.24.450;VR_setting;2022.1.4;59.94383238978098;
images/monocular/green_neutral.png;neutral;no;yes;face;;;;;;;;;;;3.89;2.17;;;;;;;;;;;;;;;;;0;0;0;0;;;;;;;;;0;0;0;0;1;0;8;2;;;;;;;;;;;;;;;;;;;;;;;;;;;;;;;;;;;;;;;;;;;;;;;;;;;;;;144.1649452959973;None;4;0.13614899200911168;144.1649452959973;None;0;001;1;thomas;2023-04-18_18h37.24.450;VR_setting;2022.1.4;59.94383238978098;
images/monocular/green_flower.png;flower;no;yes;object;;;;;;;;;;;5.95;3.45;;;;;;;;;;;;;;;;;0;0;0;0;;;;;;;;;0;0;0;0;1;1;9;0;;;;;;;;;;;;;;;;;;;;;;;;;;;;;;;;;;;;;;;;;;;;;;;;;;;;;;144.332147203997;None;4;0.13761966100719292;144.332147203997;None;0;001;1;thomas;2023-04-18_18h37.24.450;VR_setting;2022.1.4;59.94383238978098;
images/monocular/red_storage.png;storage;yes;no;object;;;;;;;;;;;4.01;2.52;;;;;;;;;;;;;;;;;0;0;0;0;;;;;;;;;0;0;0;0;1;2;10;7;;;;;;;;;;;;;;;;;;;;;;;;;;;;;;;;;;;;;;;;;;;;;;;;;;;;;;144.49881215998903;None;4;0.13358129101106897;144.49881215998903;None;0;001;1;thomas;2023-04-18_18h37.24.450;VR_setting;2022.1.4;59.94383238978098;
images/monocular/red_neutral.png;neutral;yes;no;face;;;;;;;;;;;3.89;2.17;;;;;;;;;;;;;;;;;0;0;0;0;;;;;;;;;0;0;0;0;1;3;11;6;;;;;;;;;;;;;;;;;;;;;;;;;;;;;;;;;;;;;;;;;;;;;;;;;;;;;;144.66467127899523;None;4;0.14861613600805867;144.66467127899523;None;0;001;1;thomas;2023-04-18_18h37.24.450;VR_setting;2022.1.4;59.94383238978098;
images/monocular/red_happy.png;happy;yes;no;face;;;;;;;;;;;5.19;3.17;;;;;;;;;;;;;;;;;0;0;0;0;;;;;;;;;0;0;0;0;1;4;12;5;;;;;;;;;;;;;;;;;;;;;;;;;;;;;;;;;;;;;;;;;;;;;;;;;;;;;;144.83083069699933;None;4;0.1678917430108413;144.83083069699933;None;0;001;1;thomas;2023-04-18_18h37.24.450;VR_setting;2022.1.4;59.94383238978098;
images/monocular/green_storage.png;storage;no;yes;object;;;;;;;;;;;4.01;2.52;;;;;;;;;;;;;;;;;0;0;0;0;;;;;;;;;0;0;0;0;1;5;13;3;;;;;;;;;;;;;;;;;;;;;;;;;;;;;;;;;;;;;;;;;;;;;;;;;;;;;;145.0321910979983;None;4;0.14444565201119985;145.0321910979983;None;0;001;1;thomas;2023-04-18_18h37.24.450;VR_setting;2022.1.4;59.94383238978098;
images/monocular/red_flower.png;flower;yes;no;object;;;;;;;;;;;5.95;3.45;;;;;;;;;;;;;;;;;0;0;0;0;;;;;;;;;0;0;0;0;1;6;14;4;;;;;;;;;;;;;;;;;;;;;;;;;;;;;;;;;;;;;;;;;;;;;;;;;;;;;;145.19889499498822;None;4;0.13998811501369346;145.19889499498822;None;0;001;1;thomas;2023-04-18_18h37.24.450;VR_setting;2022.1.4;59.94383238978098;
images/monocular/green_happy.png;happy;no;yes;face;;;;;;;;;;;5.19;3.17;;;;;;;;;;;;;;;;;0;0;0;0;;;;;;;;;0;0;0;0;1;7;15;1;;;;;;;;;;;;;;;;;;;;;;;;;;;;;;;;;;;;;;;;;;;;;;;;;;;;;;145.36425750800117;None;4;0.1584421440056758;145.36425750800117;None;0;001;1;thomas;2023-04-18_18h37.24.450;VR_setting;2022.1.4;59.94383238978098;
;;;;;;;;;;;;;;;;;;;;;;;;;;;;;;;;;0;0;0;0;;;;;;;;;0;0;0;0;;;;;;;;;;;;;;;;;;;;;;;;;;;;;;;;;;;;;;;;;;;;;;;;;;;;;;;;;;;;;;;;0;001;1;thomas;2023-04-18_18h37.24.450;VR_setting;2022.1.4;59.94383238978098;
images/monocular/red_happy.png;happy;yes;no;face;;;;;;;;;;;5.19;3.17;;;;;;;;;;;;;;;;;0;0;0;0;;;;;;;;;1;0;1;0;0;0;0;5;;;;;;;;;;;;;;;;;;;;;;;;;;;;;;;;;;;;;;;;;;;;;;145.55233033999684;None;145.55233033999684;None;space;2.5118271940009436;145.55233033999684;None;148.10275026599993;None;1;0.6973990330152446;148.10275026599993;None;0;001;1;thomas;2023-04-18_18h37.24.450;VR_setting;2022.1.4;59.94383238978098;
images/monocular/red_storage.png;storage;yes;no;object;;;;;;;;;;;4.01;2.52;;;;;;;;;;;;;;;;;0;0;0;0;;;;;;;;;1;0;1;0;0;1;1;7;;;;;;;;;;;;;;;;;;;;;;;;;;;;;;;;;;;;;;;;;;;;;;;;;;;;;;148.83189616499294;None;1;0.15163702001154888;148.83189616499294;None;0;001;1;thomas;2023-04-18_18h37.24.450;VR_setting;2022.1.4;59.94383238978098;
images/monocular/green_happy.png;happy;no;yes;face;;;;;;;;;;;5.19;3.17;;;;;;;;;;;;;;;;;0;0;0;0;;;;;;;;;1;0;1;0;0;2;2;1;;;;;;;;;;;;;;;;;;;;;;;;;;;;;;;;;;;;;;;;;;;;;;;;;;;;;;149.01531391000026;None;1;0.13744155901076738;149.01531391000026;None;0;001;1;thomas;2023-04-18_18h37.24.450;VR_setting;2022.1.4;59.94383238978098;
images/monocular/green_storage.png;storage;no;yes;object;;;;;;;;;;;4.01;2.52;;;;;;;;;;;;;;;;;0;0;0;0;;;;;;;;;1;0;1;0;0;3;3;3;;;;;;;;;;;;;;;;;;;;;;;;;;;;;;;;;;;;;;;;;;;;;;;;;;;;;;149.1816125119949;None;1;0.14558824700361583;149.1816125119949;None;0;001;1;thomas;2023-04-18_18h37.24.450;VR_setting;2022.1.4;59.94383238978098;
images/monocular/red_flower.png;flower;yes;no;object;;;;;;;;;;;5.95;3.45;;;;;;;;;;;;;;;;;0;0;0;0;;;;;;;;;1;0;1;0;0;4;4;4;;;;;;;;;;;;;;;;;;;;;;;;;;;;;;;;;;;;;;;;;;;;;;;;;;;;;;149.34892040598788;None;1;0.14710571001342032;149.34892040598788;None;0;001;1;thomas;2023-04-18_18h37.24.450;VR_setting;2022.1.4;59.94383238978098;
images/monocular/green_flower.png;flower;no;yes;object;;;;;;;;;;;5.95;3.45;;;;;;;;;;;;;;;;;0;0;0;0;;;;;;;;;1;0;1;0;0;5;5;0;;;;;;;;;;;;;;;;;;;;;;;;;;;;;;;;;;;;;;;;;;;;;;;;;;;;;;149.5153340830002;None;1;0.15874274300585967;149.5153340830002;None;0;001;1;thomas;2023-04-18_18h37.24.450;VR_setting;2022.1.4;59.94383238978098;
images/monocular/red_neutral.png;neutral;yes;no;face;;;;;;;;;;;3.89;2.17;;;;;;;;;;;;;;;;;0;0;0;0;;;;;;;;;1;0;1;0;0;6;6;6;;;;;;;;;;;;;;;;;;;;;;;;;;;;;;;;;;;;;;;;;;;;;;;;;;;;;;149.6978712179989;None;1;0.14531658100895584;149.6978712179989;None;0;001;1;thomas;2023-04-18_18h37.24.450;VR_setting;2022.1.4;59.94383238978098;
images/monocular/green_neutral.png;neutral;no;yes;face;;;;;;;;;;;3.89;2.17;;;;;;;;;;;;;;;;;0;0;0;0;;;;;;;;;1;0;1;0;0;7;7;2;;;;;;;;;;;;;;;;;;;;;;;;;;;;;;;;;;;;;;;;;;;;;;;;;;;;;;149.86410195998906;None;1;0.14366339800471906;149.86410195998906;None;0;001;1;thomas;2023-04-18_18h37.24.450;VR_setting;2022.1.4;59.94383238978098;
images/monocular/red_happy.png;happy;yes;no;face;;;;;;;;;;;5.19;3.17;;;;;;;;;;;;;;;;;0;0;0;0;;;;;;;;;1;0;1;0;1;0;8;5;;;;;;;;;;;;;;;;;;;;;;;;;;;;;;;;;;;;;;;;;;;;;;;;;;;;;;150.03135502900113;None;1;0.14019458201073576;150.03135502900113;None;0;001;1;thomas;2023-04-18_18h37.24.450;VR_setting;2022.1.4;59.94383238978098;
images/monocular/red_neutral.png;neutral;yes;no;face;;;;;;;;;;;3.89;2.17;;;;;;;;;;;;;;;;;0;0;0;0;;;;;;;;;1;0;1;0;1;1;9;6;;;;;;;;;;;;;;;;;;;;;;;;;;;;;;;;;;;;;;;;;;;;;;;;;;;;;;150.1974760640005;None;1;0.14576406401465647;150.1974760640005;None;0;001;1;thomas;2023-04-18_18h37.24.450;VR_setting;2022.1.4;59.94383238978098;
images/monocular/green_storage.png;storage;no;yes;object;;;;;;;;;;;4.01;2.52;;;;;;;;;;;;;;;;;0;0;0;0;;;;;;;;;1;0;1;0;1;2;10;3;;;;;;;;;;;;;;;;;;;;;;;;;;;;;;;;;;;;;;;;;;;;;;;;;;;;;;150.37868402298773;None;1;0.13249035000626463;150.37868402298773;None;0;001;1;thomas;2023-04-18_18h37.24.450;VR_setting;2022.1.4;59.94383238978098;
images/monocular/green_neutral.png;neutral;no;yes;face;;;;;;;;;;;3.89;2.17;;;;;;;;;;;;;;;;;0;0;0;0;;;;;;;;;1;0;1;0;1;3;11;2;;;;;;;;;;;;;;;;;;;;;;;;;;;;;;;;;;;;;;;;;;;;;;;;;;;;;;150.52977168599318;None;1;0.14126511200447567;150.52977168599318;None;0;001;1;thomas;2023-04-18_18h37.24.450;VR_setting;2022.1.4;59.94383238978098;
images/monocular/red_flower.png;flower;yes;no;object;;;;;;;;;;;5.95;3.45;;;;;;;;;;;;;;;;;0;0;0;0;;;;;;;;;1;0;1;0;1;4;12;4;;;;;;;;;;;;;;;;;;;;;;;;;;;;;;;;;;;;;;;;;;;;;;;;;;;;;;150.69877581999754;None;1;0.13959035200241487;150.69877581999754;None;0;001;1;thomas;2023-04-18_18h37.24.450;VR_setting;2022.1.4;59.94383238978098;
images/monocular/green_flower.png;flower;no;yes;object;;;;;;;;;;;5.95;3.45;;;;;;;;;;;;;;;;;0;0;0;0;;;;;;;;;1;0;1;0;1;5;13;0;;;;;;;;;;;;;;;;;;;;;;;;;;;;;;;;;;;;;;;;;;;;;;;;;;;;;;150.8669901599933;None;1;0.1454811139992671;150.8669901599933;None;0;001;1;thomas;2023-04-18_18h37.24.450;VR_setting;2022.1.4;59.94383238978098;
images/monocular/red_storage.png;storage;yes;no;object;;;;;;;;;;;4.01;2.52;;;;;;;;;;;;;;;;;0;0;0;0;;;;;;;;;1;0;1;0;1;6;14;7;;;;;;;;;;;;;;;;;;;;;;;;;;;;;;;;;;;;;;;;;;;;;;;;;;;;;;151.03129469399573;None;1;0.14882401800423395;151.03129469399573;None;0;001;1;thomas;2023-04-18_18h37.24.450;VR_setting;2022.1.4;59.94383238978098;
images/monocular/green_happy.png;happy;no;yes;face;;;;;;;;;;;5.19;3.17;;;;;;;;;;;;;;;;;0;0;0;0;;;;;;;;;1;0;1;0;1;7;15;1;;;;;;;;;;;;;;;;;;;;;;;;;;;;;;;;;;;;;;;;;;;;;;;;;;;;;;151.19837521399313;None;1;0.15004941400547978;151.19837521399313;None;0;001;1;thomas;2023-04-18_18h37.24.450;VR_setting;2022.1.4;59.94383238978098;
;;;;;;;;;;;;;;;;;;;;;;;;;;;;;;;;;0;0;0;0;;;;;;;;;1;0;1;0;;;;;;;;;;;;;;;;;;;;;;;;;;;;;;;;;;;;;;;;;;;;;;;;;;;;;;;;;;;;;;;;0;001;1;thomas;2023-04-18_18h37.24.450;VR_setting;2022.1.4;59.94383238978098;
;;;;;;;;;;;;;;;;;;;;;;;;;;;;;;;;;0;0;0;0;;;;;;;;;;;;;;;;;;;;;;;;;;;;;;;;;;;;;;;;;;;;;;;;;;;;;;;;;;;;;;;;;;;;;;;;;;;;0;001;1;thomas;2023-04-18_18h37.24.450;VR_setting;2022.1.4;59.94383238978098;
images/rivalry/HN.png;HN;happy;neutral;face;images/istruzioni/NFHS.png;k;j;l;l;j;Neutro;Fiori;Felice;Containers;;;;;;;;;;;;;;;;;;;1;0;1;0;0;0;0;2;0;0;0;2;;;;;;;;;;;156.22358635898854;None;156.22358635898854;None;156.22358635898854;None;156.22358635898854;None;156.22358635898854;None;;;;;;;;;;;;;;;;151.4026570970018;None;151.4026570970018;None;1;157.58987353299744;None;157.58987353299744;None;157.58987353299744;None;157.58987353299744;None;157.58987353299744;None;None;157.58987353299744;None;;;;;;;;;;;;;;;0;001;1;thomas;2023-04-18_18h37.24.450;VR_setting;2022.1.4;59.94383238978098;
images/rivalry/SF.png;SF;storage;flower;object;images/istruzioni/NFHS.png;k;j;l;l;j;Neutro;Fiori;Felice;Containers;;;;;;;;;;;;;;;;;;;1;0;1;0;0;0;0;2;0;1;1;1;;;;;;;;;;;;;;;;;;;;;;;;;;;;;;;;;;;;;;;;1;158.00058901199372;None;158.00058901199372;None;158.00058901199372;None;158.00058901199372;None;158.00058901199372;None;None;158.00058901199372;None;;;;;;;;;;;;;;;0;001;1;thomas;2023-04-18_18h37.24.450;VR_setting;2022.1.4;59.94383238978098;
images/rivalry/NH.png;NH;neutral;happy;face;images/istruzioni/NFHS.png;k;j;l;l;j;Neutro;Fiori;Felice;Containers;;;;;;;;;;;;;;;;;;;1;0;1;0;0;0;0;2;0;2;2;3;;;;;;;;;;;;;;;;;;;;;;;;;;;;;;;;;;;;;;;;1;158.43046819599112;None;158.43046819599112;None;158.43046819599112;None;158.43046819599112;None;158.43046819599112;None;None;158.43046819599112;None;;;;;;;;;;;;;;;0;001;1;thomas;2023-04-18_18h37.24.450;VR_setting;2022.1.4;59.94383238978098;
images/rivalry/FS.png;FS;flower;storage;object;images/istruzioni/NFHS.png;k;j;l;l;j;Neutro;Fiori;Felice;Containers;;;;;;;;;;;;;;;;;;;1;0;1;0;0;0;0;2;0;3;3;0;;;;;;;;;;;;;;;;;;;;;;;;;;;;;;;;;;;;;;;;1;158.83347028298886;None;158.83347028298886;None;158.83347028298886;None;158.83347028298886;None;158.83347028298886;None;None;158.83347028298886;None;;;;;;;;;;;;;;;0;001;1;thomas;2023-04-18_18h37.24.450;VR_setting;2022.1.4;59.94383238978098;
;;;;;images/istruzioni/NFHS.png;k;j;l;l;j;Neutro;Fiori;Felice;Containers;;;;;;;;;;;;;;;;;;;1;0;1;0;0;0;0;2;;;;;;;;;;;;;;;;;;;;;;;;;;;;;;;;;;;;;;;;;;;;;;;;;;;;;;;;;;;;;;;;;;;;;;;;0;001;1;thomas;2023-04-18_18h37.24.450;VR_setting;2022.1.4;59.94383238978098;
images/rivalry/NH.png;NH;neutral;happy;face;images/istruzioni/HFNS.png;k;j;l;j;l;Felice;Fiori;Neutro;Containers;;;;;;;;;;;;;;;;;;;1;0;1;0;0;1;1;0;0;0;0;3;;;;;;;;;;;160.24712322799314;None;160.24712322799314;None;160.24712322799314;None;160.24712322799314;None;160.24712322799314;None;;;;;;;;;;;;;;;;;;;;1;162.06977009298862;None;162.06977009298862;None;162.06977009298862;None;162.06977009298862;None;162.06977009298862;None;None;162.06977009298862;None;;;;;;;;;;;;;;;0;001;1;thomas;2023-04-18_18h37.24.450;VR_setting;2022.1.4;59.94383238978098;
images/rivalry/FS.png;FS;flower;storage;object;images/istruzioni/HFNS.png;k;j;l;j;l;Felice;Fiori;Neutro;Containers;;;;;;;;;;;;;;;;;;;1;0;1;0;0;1;1;0;0;1;1;0;;;;;;;;;;;;;;;;;;;;;;;;;;;;;;;;;;;;;;;;1;162.48170191398822;None;162.48170191398822;None;162.48170191398822;None;162.48170191398822;None;162.48170191398822;None;None;162.48170191398822;None;;;;;;;;;;;;;;;0;001;1;thomas;2023-04-18_18h37.24.450;VR_setting;2022.1.4;59.94383238978098;
images/rivalry/SF.png;SF;storage;flower;object;images/istruzioni/HFNS.png;k;j;l;j;l;Felice;Fiori;Neutro;Containers;;;;;;;;;;;;;;;;;;;1;0;1;0;0;1;1;0;0;2;2;1;;;;;;;;;;;;;;;;;;;;;;;;;;;;;;;;;;;;;;;;1;162.9000608579954;None;162.9000608579954;None;162.9000608579954;None;162.9000608579954;None;162.9000608579954;None;None;162.9000608579954;None;;;;;;;;;;;;;;;0;001;1;thomas;2023-04-18_18h37.24.450;VR_setting;2022.1.4;59.94383238978098;
images/rivalry/HN.png;HN;happy;neutral;face;images/istruzioni/HFNS.png;k;j;l;j;l;Felice;Fiori;Neutro;Containers;;;;;;;;;;;;;;;;;;;1;0;1;0;0;1;1;0;0;3;3;2;;;;;;;;;;;;;;;;;;;;;;;;;;;;;;;;;;;;;;;;1;163.31525799600058;None;163.31525799600058;None;163.31525799600058;None;163.31525799600058;None;163.31525799600058;None;None;163.31525799600058;None;;;;;;;;;;;;;;;0;001;1;thomas;2023-04-18_18h37.24.450;VR_setting;2022.1.4;59.94383238978098;
;;;;;images/istruzioni/HFNS.png;k;j;l;j;l;Felice;Fiori;Neutro;Containers;;;;;;;;;;;;;;;;;;;1;0;1;0;0;1;1;0;;;;;;;;;;;;;;;;;;;;;;;;;;;;;;;;;;;;;;;;;;;;;;;;;;;;;;;;;;;;;;;;;;;;;;;;0;001;1;thomas;2023-04-18_18h37.24.450;VR_setting;2022.1.4;59.94383238978098;
images/rivalry/SF.png;SF;storage;flower;object;images/istruzioni/HSNF.png;k;l;j;j;l;Felice;Containers;Neutro;Fiori;;;;;;;;;;;;;;;;;;;1;0;1;0;0;2;2;1;0;0;0;1;;;;;;;;;;;164.3150686709996;None;164.3150686709996;None;164.3150686709996;None;164.3150686709996;None;164.3150686709996;None;;;;;;;;;;;;;;;;;;;;1;164.98764024199045;None;164.98764024199045;None;164.98764024199045;None;164.98764024199045;None;164.98764024199045;None;None;164.98764024199045;None;;;;;;;;;;;;;;;0;001;1;thomas;2023-04-18_18h37.24.450;VR_setting;2022.1.4;59.94383238978098;
images/rivalry/NH.png;NH;neutral;happy;face;images/istruzioni/HSNF.png;k;l;j;j;l;Felice;Containers;Neutro;Fiori;;;;;;;;;;;;;;;;;;;1;0;1;0;0;2;2;1;0;1;1;3;;;;;;;;;;;;;;;;;;;;;;;;;;;;;;;;;;;;;;;;1;165.3982098169945;None;165.3982098169945;None;165.3982098169945;None;165.3982098169945;None;165.3982098169945;None;None;165.3982098169945;None;;;;;;;;;;;;;;;0;001;1;thomas;2023-04-18_18h37.24.450;VR_setting;2022.1.4;59.94383238978098;
images/rivalry/HN.png;HN;happy;neutral;face;images/istruzioni/HSNF.png;k;l;j;j;l;Felice;Containers;Neutro;Fiori;;;;;;;;;;;;;;;;;;;1;0;1;0;0;2;2;1;0;2;2;2;;;;;;;;;;;;;;;;;;;;;;;;;;;;;;;;;;;;;;;;1;165.81526091099659;None;165.81526091099659;None;165.81526091099659;None;165.81526091099659;None;165.81526091099659;None;None;165.81526091099659;None;;;;;;;;;;;;;;;0;001;1;thomas;2023-04-18_18h37.24.450;VR_setting;2022.1.4;59.94383238978098;
images/rivalry/FS.png;FS;flower;storage;object;images/istruzioni/HSNF.png;k;l;j;j;l;Felice;Containers;Neutro;Fiori;;;;;;;;;;;;;;;;;;;1;0;1;0;0;2;2;1;0;3;3;0;;;;;;;;;;;;;;;;;;;;;;;;;;;;;;;;;;;;;;;;1;166.23224930898868;None;166.23224930898868;None;166.23224930898868;None;166.23224930898868;None;166.23224930898868;None;None;166.23224930898868;None;;;;;;;;;;;;;;;0;001;1;thomas;2023-04-18_18h37.24.450;VR_setting;2022.1.4;59.94383238978098;
;;;;;images/istruzioni/HSNF.png;k;l;j;j;l;Felice;Containers;Neutro;Fiori;;;;;;;;;;;;;;;;;;;1;0;1;0;0;2;2;1;;;;;;;;;;;;;;;;;;;;;;;;;;;;;;;;;;;;;;;;;;;;;;;;;;;;;;;;;;;;;;;;;;;;;;;;0;001;1;thomas;2023-04-18_18h37.24.450;VR_setting;2022.1.4;59.94383238978098;
images/rivalry/NH.png;NH;neutral;happy;face;images/istruzioni/NSHF.png;k;l;j;l;j;Neutro;Containers;Felice;Fiori;;;;;;;;;;;;;;;;;;;1;0;1;0;0;3;3;3;0;0;0;3;;;;;;;;;;;167.31220097299956;None;167.31220097299956;None;167.31220097299956;None;167.31220097299956;None;167.31220097299956;None;;;;;;;;;;;;;;;;;;;;1;168.06978339099442;None;168.06978339099442;None;168.06978339099442;None;168.06978339099442;None;168.06978339099442;None;None;168.06978339099442;None;;;;;;;;;;;;;;;0;001;1;thomas;2023-04-18_18h37.24.450;VR_setting;2022.1.4;59.94383238978098;
images/rivalry/HN.png;HN;happy;neutral;face;images/istruzioni/NSHF.png;k;l;j;l;j;Neutro;Containers;Felice;Fiori;;;;;;;;;;;;;;;;;;;1;0;1;0;0;3;3;3;0;1;1;2;;;;;;;;;;;;;;;;;;;;;;;;;;;;;;;;;;;;;;;;1;168.48166609999316;None;168.48166609999316;None;168.48166609999316;None;168.48166609999316;None;168.48166609999316;None;None;168.48166609999316;None;;;;;;;;;;;;;;;0;001;1;thomas;2023-04-18_18h37.24.450;VR_setting;2022.1.4;59.94383238978098;
images/rivalry/SF.png;SF;storage;flower;object;images/istruzioni/NSHF.png;k;l;j;l;j;Neutro;Containers;Felice;Fiori;;;;;;;;;;;;;;;;;;;1;0;1;0;0;3;3;3;0;2;2;1;;;;;;;;;;;;;;;;;;;;;;;;;;;;;;;;;;;;;;;;1;168.90101205499377;None;168.90101205499377;None;168.90101205499377;None;168.90101205499377;None;168.90101205499377;None;None;168.90101205499377;None;;;;;;;;;;;;;;;0;001;1;thomas;2023-04-18_18h37.24.450;VR_setting;2022.1.4;59.94383238978098;
images/rivalry/FS.png;FS;flower;storage;object;images/istruzioni/NSHF.png;k;l;j;l;j;Neutro;Containers;Felice;Fiori;;;;;;;;;;;;;;;;;;;1;0;1;0;0;3;3;3;0;3;3;0;;;;;;;;;;;;;;;;;;;;;;;;;;;;;;;;;;;;;;;;1;169.31615965798846;None;169.31615965798846;None;169.31615965798846;None;169.31615965798846;None;169.31615965798846;None;None;169.31615965798846;None;;;;;;;;;;;;;;;0;001;1;thomas;2023-04-18_18h37.24.450;VR_setting;2022.1.4;59.94383238978098;
;;;;;images/istruzioni/NSHF.png;k;l;j;l;j;Neutro;Containers;Felice;Fiori;;;;;;;;;;;;;;;;;;;1;0;1;0;0;3;3;3;;;;;;;;;;;;;;;;;;;;;;;;;;;;;;;;;;;;;;;;;;;;;;;;;;;;;;;;;;;;;;;;;;;;;;;;0;001;1;thomas;2023-04-18_18h37.24.450;VR_setting;2022.1.4;59.94383238978098;
images/monocular/red_storage.png;storage;yes;no;object;;;;;;;;;;;4.01;2.52;;;;;;;;;;;;;;;;;1;0;1;0;;;;;;;;;0;0;0;0;0;0;0;7;;;;;;;;;;;;;;;;;;;;;;;;;;;;;;;;;;;;;;;;;;;;;;170.13372636299755;None;170.13372636299755;None;space;2.7160933960112743;170.13372636299755;None;172.93575285100087;None;4;1.873511526006041;172.93575285100087;None;0;001;1;thomas;2023-04-18_18h37.24.450;VR_setting;2022.1.4;59.94383238978098;
images/monocular/green_flower.png;flower;no;yes;object;;;;;;;;;;;5.95;3.45;;;;;;;;;;;;;;;;;1;0;1;0;;;;;;;;;0;0;0;0;0;1;1;0;;;;;;;;;;;;;;;;;;;;;;;;;;;;;;;;;;;;;;;;;;;;;;;;;;;;;;174.8312090489926;None;4;0.20066965601290576;174.8312090489926;None;0;001;1;thomas;2023-04-18_18h37.24.450;VR_setting;2022.1.4;59.94383238978098;
images/monocular/red_happy.png;happy;yes;no;face;;;;;;;;;;;5.19;3.17;;;;;;;;;;;;;;;;;1;0;1;0;;;;;;;;;0;0;0;0;0;2;2;5;;;;;;;;;;;;;;;;;;;;;;;;;;;;;;;;;;;;;;;;;;;;;;;;;;;;;;175.06493410500116;None;4;0.16044576800777577;175.06493410500116;None;0;001;1;thomas;2023-04-18_18h37.24.450;VR_setting;2022.1.4;59.94383238978098;
images/monocular/green_storage.png;storage;no;yes;object;;;;;;;;;;;4.01;2.52;;;;;;;;;;;;;;;;;1;0;1;0;;;;;;;;;0;0;0;0;0;3;3;3;;;;;;;;;;;;;;;;;;;;;;;;;;;;;;;;;;;;;;;;;;;;;;;;;;;;;;175.26114909199532;None;4;0.1267589540075278;175.26114909199532;None;0;001;1;thomas;2023-04-18_18h37.24.450;VR_setting;2022.1.4;59.94383238978098;
images/monocular/green_neutral.png;neutral;no;yes;face;;;;;;;;;;;3.89;2.17;;;;;;;;;;;;;;;;;1;0;1;0;;;;;;;;;0;0;0;0;0;4;4;2;;;;;;;;;;;;;;;;;;;;;;;;;;;;;;;;;;;;;;;;;;;;;;;;;;;;;;175.41429993399652;None;4;0.13635177501419093;175.41429993399652;None;0;001;1;thomas;2023-04-18_18h37.24.450;VR_setting;2022.1.4;59.94383238978098;
images/monocular/green_happy.png;happy;no;yes;face;;;;;;;;;;;5.19;3.17;;;;;;;;;;;;;;;;;1;0;1;0;;;;;;;;;0;0;0;0;0;5;5;1;;;;;;;;;;;;;;;;;;;;;;;;;;;;;;;;;;;;;;;;;;;;;;;;;;;;;;175.58080480499484;None;4;0.13749729401024524;175.58080480499484;None;0;001;1;thomas;2023-04-18_18h37.24.450;VR_setting;2022.1.4;59.94383238978098;
images/monocular/red_flower.png;flower;yes;no;object;;;;;;;;;;;5.95;3.45;;;;;;;;;;;;;;;;;1;0;1;0;;;;;;;;;0;0;0;0;0;6;6;4;;;;;;;;;;;;;;;;;;;;;;;;;;;;;;;;;;;;;;;;;;;;;;;;;;;;;;175.74792986900138;None;4;0.1305879820138216;175.74792986900138;None;0;001;1;thomas;2023-04-18_18h37.24.450;VR_setting;2022.1.4;59.94383238978098;
images/monocular/red_neutral.png;neutral;yes;no;face;;;;;;;;;;;3.89;2.17;;;;;;;;;;;;;;;;;1;0;1;0;;;;;;;;;0;0;0;0;0;7;7;6;;;;;;;;;;;;;;;;;;;;;;;;;;;;;;;;;;;;;;;;;;;;;;;;;;;;;;175.89602931699483;None;4;0.13647951300663408;175.89602931699483;None;0;001;1;thomas;2023-04-18_18h37.24.450;VR_setting;2022.1.4;59.94383238978098;
images/monocular/green_storage.png;storage;no;yes;object;;;;;;;;;;;4.01;2.52;;;;;;;;;;;;;;;;;1;0;1;0;;;;;;;;;0;0;0;0;1;0;8;3;;;;;;;;;;;;;;;;;;;;;;;;;;;;;;;;;;;;;;;;;;;;;;;;;;;;;;176.06541565699445;None;4;0.12165751001157332;176.06541565699445;None;0;001;1;thomas;2023-04-18_18h37.24.450;VR_setting;2022.1.4;59.94383238978098;
images/monocular/red_neutral.png;neutral;yes;no;face;;;;;;;;;;;3.89;2.17;;;;;;;;;;;;;;;;;1;0;1;0;;;;;;;;;0;0;0;0;1;1;9;6;;;;;;;;;;;;;;;;;;;;;;;;;;;;;;;;;;;;;;;;;;;;;;;;;;;;;;176.21259812699282;None;4;0.12488733700593002;176.21259812699282;None;0;001;1;thomas;2023-04-18_18h37.24.450;VR_setting;2022.1.4;59.94383238978098;
images/monocular/green_flower.png;flower;no;yes;object;;;;;;;;;;;5.95;3.45;;;;;;;;;;;;;;;;;1;0;1;0;;;;;;;;;0;0;0;0;1;2;10;0;;;;;;;;;;;;;;;;;;;;;;;;;;;;;;;;;;;;;;;;;;;;;;;;;;;;;;176.3655559429899;None;4;0.11837671299872454;176.3655559429899;None;0;001;1;thomas;2023-04-18_18h37.24.450;VR_setting;2022.1.4;59.94383238978098;
images/monocular/green_happy.png;happy;no;yes;face;;;;;;;;;;;5.19;3.17;;;;;;;;;;;;;;;;;1;0;1;0;;;;;;;;;0;0;0;0;1;3;11;1;;;;;;;;;;;;;;;;;;;;;;;;;;;;;;;;;;;;;;;;;;;;;;;;;;;;;;176.5142691719957;None;4;0.11500791400612798;176.5142691719957;None;0;001;1;thomas;2023-04-18_18h37.24.450;VR_setting;2022.1.4;59.94383238978098;
images/monocular/red_flower.png;flower;yes;no;object;;;;;;;;;;;5.95;3.45;;;;;;;;;;;;;;;;;1;0;1;0;;;;;;;;;0;0;0;0;1;4;12;4;;;;;;;;;;;;;;;;;;;;;;;;;;;;;;;;;;;;;;;;;;;;;;;;;;;;;;176.64813654399768;None;4;0.12393578000774141;176.64813654399768;None;0;001;1;thomas;2023-04-18_18h37.24.450;VR_setting;2022.1.4;59.94383238978098;
images/monocular/green_neutral.png;neutral;no;yes;face;;;;;;;;;;;3.89;2.17;;;;;;;;;;;;;;;;;1;0;1;0;;;;;;;;;0;0;0;0;1;5;13;2;;;;;;;;;;;;;;;;;;;;;;;;;;;;;;;;;;;;;;;;;;;;;;;;;;;;;;176.79648935698788;None;4;0.1303922320221318;176.79648935698788;None;0;001;1;thomas;2023-04-18_18h37.24.450;VR_setting;2022.1.4;59.94383238978098;
images/monocular/red_storage.png;storage;yes;no;object;;;;;;;;;;;4.01;2.52;;;;;;;;;;;;;;;;;1;0;1;0;;;;;;;;;0;0;0;0;1;6;14;7;;;;;;;;;;;;;;;;;;;;;;;;;;;;;;;;;;;;;;;;;;;;;;;;;;;;;;176.94755216299382;None;4;0.13037316901318263;176.94755216299382;None;0;001;1;thomas;2023-04-18_18h37.24.450;VR_setting;2022.1.4;59.94383238978098;
images/monocular/red_happy.png;happy;yes;no;face;;;;;;;;;;;5.19;3.17;;;;;;;;;;;;;;;;;1;0;1;0;;;;;;;;;0;0;0;0;1;7;15;5;;;;;;;;;;;;;;;;;;;;;;;;;;;;;;;;;;;;;;;;;;;;;;;;;;;;;;177.09788017199025;None;4;0.1348347710154485;177.09788017199025;None;0;001;1;thomas;2023-04-18_18h37.24.450;VR_setting;2022.1.4;59.94383238978098;
;;;;;;;;;;;;;;;;;;;;;;;;;;;;;;;;;1;0;1;0;;;;;;;;;0;0;0;0;;;;;;;;;;;;;;;;;;;;;;;;;;;;;;;;;;;;;;;;;;;;;;;;;;;;;;;;;;;;;;;;0;001;1;thomas;2023-04-18_18h37.24.450;VR_setting;2022.1.4;59.94383238978098;
images/monocular/red_storage.png;storage;yes;no;object;;;;;;;;;;;4.01;2.52;;;;;;;;;;;;;;;;;1;0;1;0;;;;;;;;;1;0;1;0;0;0;0;7;;;;;;;;;;;;;;;;;;;;;;;;;;;;;;;;;;;;;;;;;;;;;;177.26740147599776;None;177.26740147599776;None;space;0.9143499360070564;177.26740147599776;None;178.21979990499676;None;1;2.5481299170060083;178.21979990499676;None;0;001;1;thomas;2023-04-18_18h37.24.450;VR_setting;2022.1.4;59.94383238978098;
images/monocular/green_neutral.png;neutral;no;yes;face;;;;;;;;;;;3.89;2.17;;;;;;;;;;;;;;;;;1;0;1;0;;;;;;;;;1;0;1;0;0;1;1;2;;;;;;;;;;;;;;;;;;;;;;;;;;;;;;;;;;;;;;;;;;;;;;;;;;;;;;180.79585282898915;None;1;0.1242573860072298;180.79585282898915;None;0;001;1;thomas;2023-04-18_18h37.24.450;VR_setting;2022.1.4;59.94383238978098;
images/monocular/green_flower.png;flower;no;yes;object;;;;;;;;;;;5.95;3.45;;;;;;;;;;;;;;;;;1;0;1;0;;;;;;;;;1;0;1;0;0;2;2;0;;;;;;;;;;;;;;;;;;;;;;;;;;;;;;;;;;;;;;;;;;;;;;;;;;;;;;180.94766660999449;None;1;0.11998340301215649;180.94766660999449;None;0;001;1;thomas;2023-04-18_18h37.24.450;VR_setting;2022.1.4;59.94383238978098;
images/monocular/green_storage.png;storage;no;yes;object;;;;;;;;;;;4.01;2.52;;;;;;;;;;;;;;;;;1;0;1;0;;;;;;;;;1;0;1;0;0;3;3;3;;;;;;;;;;;;;;;;;;;;;;;;;;;;;;;;;;;;;;;;;;;;;;;;;;;;;;181.09730995899008;None;1;0.12027601900626905;181.09730995899008;None;0;001;1;thomas;2023-04-18_18h37.24.450;VR_setting;2022.1.4;59.94383238978098;
images/monocular/red_happy.png;happy;yes;no;face;;;;;;;;;;;5.19;3.17;;;;;;;;;;;;;;;;;1;0;1;0;;;;;;;;;1;0;1;0;0;4;4;5;;;;;;;;;;;;;;;;;;;;;;;;;;;;;;;;;;;;;;;;;;;;;;;;;;;;;;181.2475667289982;None;1;0.12244658000417985;181.2475667289982;None;0;001;1;thomas;2023-04-18_18h37.24.450;VR_setting;2022.1.4;59.94383238978098;
images/monocular/red_neutral.png;neutral;yes;no;face;;;;;;;;;;;3.89;2.17;;;;;;;;;;;;;;;;;1;0;1;0;;;;;;;;;1;0;1;0;0;5;5;6;;;;;;;;;;;;;;;;;;;;;;;;;;;;;;;;;;;;;;;;;;;;;;;;;;;;;;181.3955163339997;None;1;0.1230982630077051;181.3955163339997;None;0;001;1;thomas;2023-04-18_18h37.24.450;VR_setting;2022.1.4;59.94383238978098;
images/monocular/green_happy.png;happy;no;yes;face;;;;;;;;;;;5.19;3.17;;;;;;;;;;;;;;;;;1;0;1;0;;;;;;;;;1;0;1;0;0;6;6;1;;;;;;;;;;;;;;;;;;;;;;;;;;;;;;;;;;;;;;;;;;;;;;;;;;;;;;181.5609813159972;None;1;0.11166153001249768;181.5609813159972;None;0;001;1;thomas;2023-04-18_18h37.24.450;VR_setting;2022.1.4;59.94383238978098;
images/monocular/red_flower.png;flower;yes;no;object;;;;;;;;;;;5.95;3.45;;;;;;;;;;;;;;;;;1;0;1;0;;;;;;;;;1;0;1;0;0;7;7;4;;;;;;;;;;;;;;;;;;;;;;;;;;;;;;;;;;;;;;;;;;;;;;;;;;;;;;181.6980891610001;None;1;0.12355322799703572;181.6980891610001;None;0;001;1;thomas;2023-04-18_18h37.24.450;VR_setting;2022.1.4;59.94383238978098;
images/monocular/green_happy.png;happy;no;yes;face;;;;;;;;;;;5.19;3.17;;;;;;;;;;;;;;;;;1;0;1;0;;;;;;;;;1;0;1;0;1;0;8;1;;;;;;;;;;;;;;;;;;;;;;;;;;;;;;;;;;;;;;;;;;;;;;;;;;;;;;181.84714790899307;None;1;0.12004411300586071;181.84714790899307;None;0;001;1;thomas;2023-04-18_18h37.24.450;VR_setting;2022.1.4;59.94383238978098;
images/monocular/red_neutral.png;neutral;yes;no;face;;;;;;;;;;;3.89;2.17;;;;;;;;;;;;;;;;;1;0;1;0;;;;;;;;;1;0;1;0;1;1;9;6;;;;;;;;;;;;;;;;;;;;;;;;;;;;;;;;;;;;;;;;;;;;;;;;;;;;;;181.99632029198983;None;1;0.11221801201463677;181.99632029198983;None;0;001;1;thomas;2023-04-18_18h37.24.450;VR_setting;2022.1.4;59.94383238978098;
images/monocular/red_happy.png;happy;yes;no;face;;;;;;;;;;;5.19;3.17;;;;;;;;;;;;;;;;;1;0;1;0;;;;;;;;;1;0;1;0;1;2;10;5;;;;;;;;;;;;;;;;;;;;;;;;;;;;;;;;;;;;;;;;;;;;;;;;;;;;;;182.13006640599633;None;1;0.13488486901042052;182.13006640599633;None;0;001;1;thomas;2023-04-18_18h37.24.450;VR_setting;2022.1.4;59.94383238978098;
images/monocular/red_flower.png;flower;yes;no;object;;;;;;;;;;;5.95;3.45;;;;;;;;;;;;;;;;;1;0;1;0;;;;;;;;;1;0;1;0;1;3;11;4;;;;;;;;;;;;;;;;;;;;;;;;;;;;;;;;;;;;;;;;;;;;;;;;;;;;;;182.29804662898823;None;1;0.11032826000882778;182.29804662898823;None;0;001;1;thomas;2023-04-18_18h37.24.450;VR_setting;2022.1.4;59.94383238978098;
images/monocular/red_storage.png;storage;yes;no;object;;;;;;;;;;;4.01;2.52;;;;;;;;;;;;;;;;;1;0;1;0;;;;;;;;;1;0;1;0;1;4;12;7;;;;;;;;;;;;;;;;;;;;;;;;;;;;;;;;;;;;;;;;;;;;;;;;;;;;;;182.43031263900048;None;1;0.12251186200592201;182.43031263900048;None;0;001;1;thomas;2023-04-18_18h37.24.450;VR_setting;2022.1.4;59.94383238978098;
images/monocular/green_storage.png;storage;no;yes;object;;;;;;;;;;;4.01;2.52;;;;;;;;;;;;;;;;;1;0;1;0;;;;;;;;;1;0;1;0;1;5;13;3;;;;;;;;;;;;;;;;;;;;;;;;;;;;;;;;;;;;;;;;;;;;;;;;;;;;;;182.58103485500033;None;1;0.12370166499749757;182.58103485500033;None;0;001;1;thomas;2023-04-18_18h37.24.450;VR_setting;2022.1.4;59.94383238978098;
images/monocular/green_neutral.png;neutral;no;yes;face;;;;;;;;;;;3.89;2.17;;;;;;;;;;;;;;;;;1;0;1;0;;;;;;;;;1;0;1;0;1;6;14;2;;;;;;;;;;;;;;;;;;;;;;;;;;;;;;;;;;;;;;;;;;;;;;;;;;;;;;182.73136817099294;None;1;0.12720529800571967;182.73136817099294;None;0;001;1;thomas;2023-04-18_18h37.24.450;VR_setting;2022.1.4;59.94383238978098;
images/monocular/green_flower.png;flower;no;yes;object;;;;;;;;;;;5.95;3.45;;;;;;;;;;;;;;;;;1;0;1;0;;;;;;;;;1;0;1;0;1;7;15;0;;;;;;;;;;;;;;;;;;;;;;;;;;;;;;;;;;;;;;;;;;;;;;;;;;;;;;182.8811338099913;None;1;0.1270538100070553;182.8811338099913;None;0;001;1;thomas;2023-04-18_18h37.24.450;VR_setting;2022.1.4;59.94383238978098;
;;;;;;;;;;;;;;;;;;;;;;;;;;;;;;;;;1;0;1;0;;;;;;;;;1;0;1;0;;;;;;;;;;;;;;;;;;;;;;;;;;;;;;;;;;;;;;;;;;;;;;;;;;;;;;;;;;;;;;;;0;001;1;thomas;2023-04-18_18h37.24.450;VR_setting;2022.1.4;59.94383238978098;
;;;;;;;;;;;;;;;;;;;;;;;;;;;;;;;;;1;0;1;0;;;;;;;;;;;;;;;;;;;;;;;;;;;;;;;;;;;;;;;;;;;;;;;;;;;;;;;;;;;;;;;;;;;;;;;;;;;;0;001;1;thomas;2023-04-18_18h37.24.450;VR_setting;2022.1.4;59.94383238978098;
