﻿word,letterColor,corrAns,congruent,parola,Matrix_loop.thisRepN,Matrix_loop.thisTrialN,Matrix_loop.thisN,Matrix_loop.thisIndex,Loop_pracrice.thisRepN,Loop_pracrice.thisTrialN,Loop_pracrice.thisN,Loop_pracrice.thisIndex,Controbilanciamento_loop.thisRepN,Controbilanciamento_loop.thisTrialN,Controbilanciamento_loop.thisN,Controbilanciamento_loop.thisIndex,trials.thisRepN,trials.thisTrialN,trials.thisN,trials.thisIndex,Loop_eng.thisRepN,Loop_eng.thisTrialN,Loop_eng.thisN,Loop_eng.thisIndex,trials_2.thisRepN,trials_2.thisTrialN,trials_2.thisN,trials_2.thisIndex,Loop_ita.thisRepN,Loop_ita.thisTrialN,Loop_ita.thisN,Loop_ita.thisIndex,text_4.started,text_4.stopped,trial_txt_2.started,trial_txt_2.stopped,trial_kb_2.keys,trial_kb_2.corr,trial_kb_2.rt,trial_kb_2.started,trial_kb_2.stopped,text.started,text.stopped,practice_ms.x,practice_ms.y,practice_ms.leftButton,practice_ms.midButton,practice_ms.rightButton,practice_ms.time,practice_ms.clicked_name,practice_ms.started,practice_ms.stopped,text_2.started,text_2.stopped,trial_txt.started,trial_txt.stopped,trial_kb.keys,trial_kb.corr,trial_kb.rt,trial_kb.started,trial_kb.stopped,thanks_txt.started,thanks_txt.stopped,gender (m/f),age,participant,practice,date,expName,psychopyVersion,frameRate,
blue,red,left,0,blu,0,0,0,0,0,0,0,5,,,,,,,,,,,,,,,,,,,,,20.002213935993495,None,21.642108505999204,None,left,1,0.9542460000084247,21.642108505999204,None,22.7062276880024,None,,,,,,,,,,,,,,,,,,,,,f,,1,1,2024-11-08_11h04.12.405,stroop,2022.1.4,None,
green,blue,right,0,verde,0,0,0,0,0,1,1,3,,,,,,,,,,,,,,,,,,,,,,,24.100886925996747,None,right,1,0.6417435500188731,24.100886925996747,None,24.774458012994728,None,,,,,,,,,,,,,,,,,,,,,f,,1,1,2024-11-08_11h04.12.405,stroop,2022.1.4,None,
green,green,down,1,verde,0,0,0,0,0,2,2,2,,,,,,,,,,,,,,,,,,,,,,,26.242025394996745,None,down,1,0.3085014410025906,26.242025394996745,None,26.573454622994177,None,,,,,,,,,,,,,,,,,,,,,f,,1,1,2024-11-08_11h04.12.405,stroop,2022.1.4,None,
red,green,down,0,rosso,0,0,0,0,0,3,3,1,,,,,,,,,,,,,,,,,,,,,,,28.05083992499567,None,down,1,0.6302631059952546,28.05083992499567,None,28.699376524993568,None,,,,,,,,,,,,,,,,,,,,,f,,1,1,2024-11-08_11h04.12.405,stroop,2022.1.4,None,
blue,blue,right,1,blu,0,0,0,0,0,4,4,4,,,,,,,,,,,,,,,,,,,,,,,30.166975073007052,None,right,1,0.35536712300381623,30.166975073007052,None,30.539285175997065,None,,,,,,,,,,,,,,,,,,,,,f,,1,1,2024-11-08_11h04.12.405,stroop,2022.1.4,None,
red,red,left,1,rosso,0,0,0,0,0,5,5,0,,,,,,,,,,,,,,,,,,,,,,,32.01580233599816,None,left,1,0.319129896000959,32.01580233599816,None,32.35369207999611,None,,,,,,,,,,,,,,,,,,,,,f,,1,1,2024-11-08_11h04.12.405,stroop,2022.1.4,None,
green,blue,right,0,verde,,,,,,,,,0,0,0,0,,,,,,,,,,,,,0,0,0,3,,,38.66677166700538,None,right,1,1.3741340970009333,38.66677166700538,None,,,[0.16354166666666667],[-0.1037037037037037],[1],[0],[0],[2.03906872299558],['red_img'],33.355453976997524,None,33.355453976997524,None,,,,,,,,,,f,,1,1,2024-11-08_11h04.12.405,stroop,2022.1.4,None,
green,green,down,1,verde,,,,,,,,,0,0,0,0,,,,,,,,,,,,,0,1,1,2,,,40.525185179998516,None,down,1,0.4739899139967747,40.525185179998516,None,,,,,,,,,,,,,,,,,,,,,,,f,,1,1,2024-11-08_11h04.12.405,stroop,2022.1.4,None,
blue,red,left,0,blu,,,,,,,,,0,0,0,0,,,,,,,,,,,,,0,2,2,5,,,41.483502281000256,None,left,1,0.6543060109979706,41.483502281000256,None,,,,,,,,,,,,,,,,,,,,,,,f,,1,1,2024-11-08_11h04.12.405,stroop,2022.1.4,None,
red,red,left,1,rosso,,,,,,,,,0,0,0,0,,,,,,,,,,,,,0,3,3,0,,,42.633305359995575,None,left,1,0.49393981500179507,42.633305359995575,None,,,,,,,,,,,,,,,,,,,,,,,f,,1,1,2024-11-08_11h04.12.405,stroop,2022.1.4,None,
red,green,down,0,rosso,,,,,,,,,0,0,0,0,,,,,,,,,,,,,0,4,4,1,,,43.61639158599428,None,down,1,1.262464704006561,43.61639158599428,None,,,,,,,,,,,,,,,,,,,,,,,f,,1,1,2024-11-08_11h04.12.405,stroop,2022.1.4,None,
blue,blue,right,1,blu,,,,,,,,,0,0,0,0,,,,,,,,,,,,,0,5,5,4,,,45.38403182099864,None,right,1,0.27988514000026044,45.38403182099864,None,,,,,,,,,,,,,,,,,,,,,,,f,,1,1,2024-11-08_11h04.12.405,stroop,2022.1.4,None,
,,,,,,,,,,,,,0,0,0,0,,,,,,,,,,,,,,,,,,,,,,,,,,,,,,,,,,,,,,,,,,,,,,,,f,,1,1,2024-11-08_11h04.12.405,stroop,2022.1.4,None,
green,green,down,1,verde,,,,,,,,,1,0,1,0,,,,,0,0,0,2,,,,,,,,,,,,,,,,,,,,,,,,,,,,,,,46.849531868996564,None,right,0,1.2933985690033296,46.849531868996564,None,,,f,,1,1,2024-11-08_11h04.12.405,stroop,2022.1.4,None,
blue,red,left,0,blu,,,,,,,,,1,0,1,0,,,,,0,1,1,5,,,,,,,,,,,,,,,,,,,,,,,,,,,,,,,48.64177886300604,None,left,1,0.8291113840095932,48.64177886300604,None,,,f,,1,1,2024-11-08_11h04.12.405,stroop,2022.1.4,None,
blue,blue,right,1,blu,,,,,,,,,1,0,1,0,,,,,0,2,2,4,,,,,,,,,,,,,,,,,,,,,,,,,,,,,,,49.95833546499489,None,down,0,1.022775385004934,49.95833546499489,None,,,f,,1,1,2024-11-08_11h04.12.405,stroop,2022.1.4,None,
green,blue,right,0,verde,,,,,,,,,1,0,1,0,,,,,0,3,3,3,,,,,,,,,,,,,,,,,,,,,,,,,,,,,,,51.48245229100576,None,right,1,0.6629968839988578,51.48245229100576,None,,,f,,1,1,2024-11-08_11h04.12.405,stroop,2022.1.4,None,
red,green,down,0,rosso,,,,,,,,,1,0,1,0,,,,,0,4,4,1,,,,,,,,,,,,,,,,,,,,,,,,,,,,,,,52.65025745499588,None,down,1,0.7079933780041756,52.65025745499588,None,,,f,,1,1,2024-11-08_11h04.12.405,stroop,2022.1.4,None,
red,red,left,1,rosso,,,,,,,,,1,0,1,0,,,,,0,5,5,0,,,,,,,,,,,,,,,,,,,,,,,,,,,,,,,53.84154987700458,None,left,1,0.4844638040085556,53.84154987700458,None,,,f,,1,1,2024-11-08_11h04.12.405,stroop,2022.1.4,None,
,,,,,,,,,,,,,1,0,1,0,,,,,,,,,,,,,,,,,,,,,,,,,,,,,,,,,,,,,,,,,,,,,,,,f,,1,1,2024-11-08_11h04.12.405,stroop,2022.1.4,None,
,,,,,,,,,,,,,,,,,,,,,,,,,,,,,,,,,,,,,,,,,,,,,,,,,,,,,,,,,,,,,,54.35176949799643,None,,,,,,,,,
